step,seq_id,frame_idx,active_points,true_marking,marking_tp,marking_to_road,marking_to_other,road_to_marking,other_to_marking,predicted_marking,marking_precision,marking_recall,marking_f1,marking_iou,marking_to_road_rate,road_to_marking_rate,other_to_marking_rate,marking_tp_intensity_median,marking_to_road_intensity_median,road_to_marking_intensity_median,marking_tp_range_median,marking_to_road_range_median,road_to_marking_range_median,raw_8_true,raw_8_tp,raw_8_to_road,raw_8_to_other,raw_9_true,raw_9_tp,raw_9_to_road,raw_9_to_other,raw_10_true,raw_10_tp,raw_10_to_road,raw_10_to_other
2103,054,17,32758,3290,3154,136,0,1787,195,5136,0.6140965732087228,0.9586626139817629,0.7486351768336102,0.5982549317147192,0.04133738601823708,0.16227751543770433,0.010565669700910272,35.0,29.0,31.5,13.928397178649902,13.238264560699463,15.128629684448242,0,0,0,0,0,0,0,0,3290,3154,136,0
636,054,19,32766,3471,3308,163,0,1626,377,5311,0.6228582187911881,0.9530394698934025,0.7533591437030289,0.6043112897332846,0.04696053010659752,0.15213323353293412,0.020261192024506908,36.0,29.0,32.0,12.899402141571045,12.097999572753906,14.378998756408691,0,0,0,0,51,51,0,0,3420,3257,163,0
1074,054,13,32766,3054,2601,453,0,1578,8,4187,0.6212085025077622,0.8516699410609038,0.7184090595221655,0.5605603448275862,0.14833005893909626,0.10858047202917498,0.0005270439422886883,34.0,30.0,32.0,15.656886100769043,13.660715103149414,16.767268180847168,126,98,28,0,151,151,0,0,2777,2352,425,0
784,054,12,32768,2776,2501,275,0,1566,26,4093,0.6110432445638896,0.9009365994236311,0.7281991556267288,0.57257326007326,0.09906340057636888,0.09872651620224436,0.0018400566171266808,35.0,29.0,33.0,15.880141258239746,13.58568286895752,17.09601593017578,176,118,58,0,146,146,0,0,2454,2237,217,0
1382,123,71,32627,1724,1555,169,0,1560,6,3121,0.4982377443127203,0.9019721577726219,0.6418988648090815,0.4726443768996961,0.09802784222737819,0.09932509868839934,0.0003948147660722511,32.0,27.0,29.0,11.367109298706055,15.607425689697266,11.723497867584229,588,531,57,0,0,0,0,0,1136,1024,112,0
1856,054,16,32766,3129,2774,355,0,1560,108,4442,0.6244934714092751,0.8865452221156919,0.7327961960110949,0.5782780904732124,0.11345477788430809,0.13459879206212252,0.005984374134205131,35.0,29.5,32.0,14.514566898345947,12.848477363586426,15.65413761138916,0,0,0,0,26,26,0,0,3103,2748,355,0
843,123,71,32626,1775,1589,186,0,1554,15,3158,0.5031665611146295,0.8952112676056339,0.6442327184269208,0.4751794258373206,0.1047887323943662,0.09769283963035141,0.001003747323340471,32.0,19.0,29.0,11.476666450500488,27.227975845336914,11.631746292114258,594,552,42,0,0,0,0,0,1181,1037,144,0
879,054,9,32767,1611,1596,15,0,1549,32,3177,0.502360717658168,0.9906890130353817,0.6666666666666666,0.5,0.00931098696461825,0.22316669067857658,0.0013214949411521784,36.0,25.0,37.0,16.78221607208252,15.00387191772461,17.762752532958984,9,9,0,0,70,70,0,0,1532,1517,15,0
1534,054,8,32763,1628,1549,79,0,1540,28,3117,0.49695219762592235,0.9514742014742015,0.6528977871443625,0.48466833541927407,0.048525798525798525,0.17664601972929572,0.0012490520587054468,39.0,5.0,36.0,17.87350845336914,24.454509735107422,18.56468963623047,117,68,49,0,134,134,0,0,1377,1347,30,0
619,054,7,32767,2061,1983,78,0,1527,20,3530,0.5617563739376771,0.9621542940320232,0.7093543194419603,0.5496119733924612,0.03784570596797671,0.08326063249727372,0.0016173378618793467,38.0,27.25,35.0,17.58612060546875,17.412635803222656,18.265134811401367,89,57,32,0,142,129,13,0,1830,1797,33,0
693,054,14,32762,3059,2532,527,0,1527,59,4118,0.6148615832928606,0.8277214776070612,0.7055872927406994,0.5451022604951561,0.17227852239293887,0.11740735045363679,0.0035335689045936395,34.0,30.0,32.0,15.240055561065674,13.637511253356934,16.209049224853516,47,46,1,0,135,135,0,0,2877,2351,526,0
906,054,7,32767,2067,1963,104,0,1526,29,3518,0.5579874928936897,0.949685534591195,0.7029543419874664,0.5419657647708448,0.050314465408805034,0.08269658050181543,0.002367926839225933,38.0,28.0,35.0,17.582975387573242,18.2182559967041,18.355207443237305,95,59,36,0,142,117,25,0,1830,1787,43,0
88,123,71,32627,1708,1541,167,0,1518,4,3063,0.5031015344433561,0.9022248243559718,0.6459861664221337,0.47708978328173374,0.0977751756440281,0.09683592753253381,0.000262415534999672,32.0,27.0,29.0,11.392315864562988,18.220537185668945,11.701177597045898,588,550,38,0,0,0,0,0,1120,991,129,0
161,054,25,32722,3014,2866,148,0,1500,91,4457,0.6430334305586718,0.9508958195089582,0.767233302101459,0.6223669923995657,0.0491041804910418,0.15027048687637748,0.0046132008516678496,47.0,29.0,33.0,10.877729415893555,13.168689250946045,12.091025829315186,0,0,0,0,0,0,0,0,3014,2866,148,0
175,054,14,32762,2940,2387,553,0,1499,51,3937,0.6062992125984252,0.8119047619047619,0.6941980514759343,0.5316258351893096,0.1880952380952381,0.11884563545548243,0.0029635655761520133,34.0,30.0,32.0,15.163617134094238,13.736163139343262,16.129657745361328,47,46,1,0,16,16,0,0,2877,2325,552,0
969,054,7,32767,2097,1977,120,0,1493,5,3475,0.5689208633093525,0.9427753934191703,0.7096195262024407,0.5499304589707927,0.05722460658082976,0.07795530492898914,0.00043410314290675465,38.0,28.0,35.0,17.58612060546875,21.461792945861816,18.326091766357422,125,81,44,0,142,105,37,0,1830,1791,39,0
60,054,5,32768,1441,1389,52,0,1491,61,2941,0.472288337300238,0.963913948646773,0.6339570972158831,0.46408286000668225,0.03608605135322693,0.1371286673411202,0.002982301750268896,40.0,28.0,37.0,18.40837287902832,16.085335731506348,19.708940505981445,116,83,33,0,72,69,3,0,1253,1237,16,0
574,054,11,32767,1752,1681,71,0,1479,4,3164,0.5312895069532237,0.9594748858447488,0.6838893409275834,0.519629057187017,0.04052511415525114,0.1685662183724641,0.00017984802841598848,37.0,21.0,35.0,16.83681297302246,17.538333892822266,17.188644409179688,114,83,31,0,139,139,0,0,1499,1459,40,0
2027,054,8,32768,1283,1274,9,0,1471,144,2889,0.44098303911388026,0.9929851909586905,0.610738255033557,0.4396135265700483,0.007014809041309431,0.27660774727341103,0.005503114610004968,37.0,27.0,38.0,16.96348762512207,15.23791790008545,18.571321487426758,14,14,0,0,73,73,0,0,1196,1187,9,0
1098,123,70,32678,1620,1394,226,0,1466,13,2873,0.48520710059171596,0.8604938271604938,0.6205208101491209,0.44982252339464346,0.13950617283950617,0.09092600632636606,0.0008704385671242049,31.0,21.5,29.0,12.100240707397461,27.695990562438965,12.579756736755371,541,494,47,0,0,0,0,0,1079,900,179,0
1919,054,27,32712,2422,2333,86,3,1448,49,3830,0.6091383812010444,0.9632535094962841,0.7463211772232885,0.5953049247256953,0.03550784475639967,0.12356003071934465,0.002638522427440633,51.5,30.0,33.5,10.826830863952637,12.463263511657715,11.331710815429688,39,34,5,0,0,0,0,0,2383,2299,81,3
347,054,26,32718,2913,2804,108,1,1446,66,4316,0.6496756255792401,0.9625815310676279,0.7757642827500346,0.6336723163841808,0.037075180226570546,0.13027027027027027,0.003528468323977546,49.0,30.0,33.0,10.791985988616943,12.405235767364502,11.635125160217285,0,0,0,0,0,0,0,0,2913,2804,108,1
622,054,10,32768,1483,1463,20,0,1446,62,2971,0.4924267923258162,0.9865138233310856,0.656937584193983,0.48913406887328653,0.013486176668914362,0.3001245330012453,0.0023425397665016814,36.0,26.0,38.0,16.186595916748047,14.941462516784668,17.953168869018555,0,0,0,0,49,44,5,0,1434,1419,15,0
225,054,4,32766,1675,1608,67,0,1440,4,3052,0.526867627785059,0.96,0.6803469430928707,0.5155498557229882,0.04,0.07647777364703383,0.00032621105855488503,40.0,28.0,35.0,18.692559242248535,15.95279312133789,19.483211517333984,115,73,42,0,92,86,6,0,1468,1449,19,0
1158,054,5,32764,1121,1080,41,0,1428,8,2516,0.4292527821939587,0.9634255129348795,0.5938960681880671,0.42236996480250294,0.036574487065120426,0.24368600682593858,0.00031028196873909164,42.0,13.0,37.0,19.1848783493042,24.390771865844727,20.08955669403076,160,134,26,0,72,69,3,0,889,877,12,0
1541,054,3,32768,1211,1166,43,2,1410,85,2661,0.4381811349116873,0.9628406275805119,0.6022727272727273,0.43089430894308944,0.03550784475639967,0.12644605864944847,0.004165441536802901,41.0,29.0,36.0,19.01855754852295,21.745573043823242,20.209019660949707,97,77,20,0,81,70,11,0,1033,1019,12,2
2153,054,10,32768,1724,1692,29,3,1391,33,3116,0.5430038510911425,0.9814385150812065,0.6991735537190082,0.5374841168996188,0.016821345707656612,0.15452121750722062,0.00149714182016151,35.5,28.0,37.0,16.20377540588379,14.165266990661621,17.138103485107422,41,35,6,0,76,76,0,0,1607,1581,23,3
1460,054,27,32712,2399,2317,79,3,1386,54,3757,0.6167154644663295,0.9658190912880367,0.7527615334632879,0.6035425892159416,0.03293038766152564,0.12093185585900008,0.002864417568427753,52.0,30.0,34.0,10.809535026550293,12.34220027923584,11.269937992095947,26,22,4,0,0,0,0,0,2373,2295,75,3
2030,123,72,32655,1706,1486,220,0,1383,7,2876,0.5166898470097357,0.8710433763188745,0.6486250545613269,0.47997416020671835,0.12895662368112543,0.0857887227839464,0.0004720798489344483,31.0,25.0,29.0,11.044504642486572,15.619672775268555,12.792409896850586,655,577,78,0,0,0,0,0,1051,909,142,0
226,054,6,32766,2110,2004,102,4,1381,11,3396,0.5901060070671378,0.9497630331753555,0.7279331638212859,0.5722444317532839,0.04834123222748815,0.06915719365015774,0.0010292879199026855,38.0,25.0,35.0,18.104799270629883,23.0474796295166,18.548444747924805,183,114,69,0,102,91,11,0,1825,1799,22,4
1948,123,69,32696,1525,1368,154,3,1370,9,2747,0.4979978157990535,0.8970491803278688,0.6404494382022472,0.47107438016528924,0.10098360655737705,0.08445321168783133,0.0006020469596628537,30.75,8.0,29.0,12.625747203826904,31.81417465209961,13.410202980041504,495,461,34,0,0,0,0,0,1030,907,120,3
110,054,3,32768,1679,1596,83,0,1362,0,2958,0.539553752535497,0.950565812983919,0.6883761052404572,0.524827359421243,0.049434187016081,0.07026776040860548,0.0,41.0,29.0,35.0,18.956337928771973,18.684343338012695,19.958134651184082,176,128,48,0,81,63,18,0,1422,1405,17,0
1213,123,72,32656,1689,1508,181,0,1351,7,2866,0.526168876482903,0.8928359976317347,0.6621295279912185,0.4949130292090581,0.10716400236826525,0.08440057474854751,0.0004679144385026738,31.0,17.0,29.0,10.901959419250488,29.92716407775879,12.635024070739746,638,580,58,0,0,0,0,0,1051,928,123,0
1850,054,5,32768,1371,1325,46,0,1349,3,2677,0.49495704146432573,0.9664478482859227,0.6546442687747036,0.4865956665442527,0.03355215171407731,0.19348823866896156,0.00012282497441146365,41.0,20.0,37.0,18.620481491088867,23.90310573577881,19.650283813476562,153,132,21,0,72,62,10,0,1146,1131,15,0
1865,123,69,32701,1395,1290,105,0,1334,2,2626,0.49124143183549124,0.9247311827956989,0.6416314349664263,0.4723544489198096,0.07526881720430108,0.0840685656667507,0.00012955045990413266,31.0,27.0,29.0,12.47734546661377,14.633808135986328,13.282647609710693,495,440,55,0,0,0,0,0,900,850,50,0
1008,054,2,32766,1350,1306,44,0,1316,1,2623,0.49790316431566906,0.9674074074074074,0.6574377045054115,0.48968878890138734,0.03259259259259259,0.11036564911103657,5.130309870716191e-05,42.0,23.0,36.0,19.46120834350586,20.169211387634277,21.1470308303833,119,89,30,0,115,115,0,0,1116,1102,14,0
149,054,27,32713,2076,1988,85,3,1293,45,3326,0.597714972940469,0.9576107899807321,0.7360236949278045,0.5823081429408319,0.04094412331406551,0.11550830802215473,0.0023144576454250886,51.0,30.0,34.0,11.43661880493164,12.758244514465332,11.43272590637207,43,38,5,0,0,0,0,0,2033,1950,80,3
841,037,1,32768,2865,2204,661,0,1286,14,3504,0.6289954337899544,0.7692844677137871,0.6921023708588475,0.529171668667467,0.23071553228621292,0.07070984769340738,0.001194947080914988,35.0,29.0,34.0,14.189235210418701,13.720904350280762,16.901066780090332,0,0,0,0,0,0,0,0,2865,2204,661,0
1300,054,9,32767,1520,1494,26,0,1284,29,2807,0.5322408265051657,0.9828947368421053,0.690547723596025,0.5273561595481822,0.017105263157894738,0.24588280352355418,0.0011143131604226706,36.0,30.75,37.0,16.902088165283203,14.435422420501709,18.497478485107422,0,0,0,0,81,81,0,0,1439,1413,26,0
1867,037,3,32768,2617,1965,652,0,1274,21,3260,0.602760736196319,0.7508597630875048,0.6687085247575294,0.5023006134969326,0.24914023691249523,0.07481355335016736,0.001600365797896662,36.0,29.0,36.0,12.727810859680176,13.613041877746582,18.129819869995117,0,0,0,0,0,0,0,0,2617,1965,652,0
1425,123,73,32670,1614,1404,204,6,1271,3,2678,0.5242718446601942,0.8698884758364313,0.6542404473438956,0.48614958448753465,0.12639405204460966,0.07871918741483959,0.00020120724346076458,30.58333396911621,23.0,29.0,12.813039302825928,25.923898696899414,13.603535652160645,579,519,60,0,0,0,0,0,1035,885,144,6
2111,037,1,32768,2866,2112,753,1,1265,75,3452,0.6118192352259559,0.7369155617585486,0.6685660018993352,0.5021398002853067,0.26273551988834615,0.06929228746713409,0.006439979392065945,36.0,29.0,34.0,14.457195281982422,13.483903884887695,17.788097381591797,0,0,0,0,0,0,0,0,2866,2112,753,1
1773,054,22,32738,3715,3468,247,0,1261,165,4894,0.7086228034327748,0.9335127860026918,0.8056684864676501,0.6745769305582572,0.06648721399730821,0.13117653177988142,0.008500772797527048,40.0,29.0,31.0,11.556872367858887,13.949502944946289,13.139598846435547,0,0,0,0,0,0,0,0,3715,3468,247,0
1795,123,66,32728,1293,1121,172,0,1261,0,2382,0.4706129303106633,0.8669760247486465,0.6100680272108844,0.4389193422083007,0.13302397525135345,0.08063691009080445,0.0,30.0,27.5,29.0,14.247137069702148,30.30508041381836,14.37301254272461,502,450,52,0,0,0,0,0,791,671,120,0
1046,054,4,32766,1684,1574,110,0,1248,6,2828,0.5565770862800565,0.9346793349168646,0.6976950354609929,0.5357385976855004,0.06532066508313539,0.0646900269541779,0.0005089058524173028,40.0,29.583333015441895,35.0,18.671671867370605,19.873075485229492,19.088732719421387,124,80,44,0,92,50,42,0,1468,1444,24,0
740,123,72,32709,1620,1361,253,6,1232,6,2599,0.5236629472874182,0.8401234567901235,0.6451765821284665,0.4762071378586424,0.15617283950617283,0.077338355304457,0.00039580447259054025,31.0,24.0,29.0,11.166977882385254,18.07813835144043,13.877704620361328,568,451,117,0,0,0,0,0,1052,910,136,6
1177,054,23,32741,3309,3194,115,0,1232,113,4539,0.7036792244987883,0.9652462979752191,0.8139653414882773,0.6862913622690159,0.034753702024780904,0.19478260869565217,0.004890292984809798,42.5,28.0,31.16666603088379,11.463244915008545,14.225915908813477,12.605595588684082,0,0,0,0,0,0,0,0,3309,3194,115,0
105,054,1,32765,1600,1511,89,0,1222,64,2797,0.5402216660707901,0.944375,0.6872867864453036,0.5235620235620235,0.055625,0.06434965771458663,0.005256673511293634,42.0,28.0,35.0,19.602964401245117,13.12956714630127,20.075695991516113,268,207,61,0,117,113,4,0,1215,1191,24,0
50,054,1,32765,1253,1201,52,0,1217,0,2418,0.49669148056244833,0.9584996009577015,0.6543176246254426,0.4862348178137652,0.041500399042298484,0.13375096164413672,0.0,42.0,21.5,36.0,20.02309799194336,25.955106735229492,21.035999298095703,132,100,32,0,117,117,0,0,1004,984,20,0
2129,123,68,32700,1457,1264,193,0,1189,1,2454,0.515077424612877,0.8675360329444063,0.6463819994886219,0.477521722704949,0.13246396705559368,0.07339053144867601,6.648052120728626e-05,30.0,11.0,29.0,13.263182163238525,32.23563003540039,13.273176193237305,490,437,53,0,0,0,0,0,967,827,140,0
