split,class_id,class_name,raw_definition,count,share,mean,std,min,p05,p25,median,p75,p95,max
training,1,road,raw 7 Road,119562394,0.40099378329207197,26.77794891761702,9.214637958904818,0.0,4.0,26.0,28.0,31.0,38.0,255.0
training,2,marking,raw 8 Lane Line Marking + raw 9 Stop Line Marking + raw 10 Other Road Marking,5129328,0.017202973039047352,36.39138869653101,17.922110067050973,0.0,4.0,28.0,33.0,45.0,70.0,255.0
training,3,other,all other non-ignored raw classes,173473484,0.5818032436688807,19.545626229539497,19.8581589073256,0.0,0.0,6.0,19.0,28.0,42.0,255.0
validation,1,road,raw 7 Road,17550109,0.38218556389779557,27.98491074898737,9.586509451737731,0.0,5.0,27.0,29.0,33.0,41.0,255.0
validation,2,marking,raw 8 Lane Line Marking + raw 9 Stop Line Marking + raw 10 Other Road Marking,747235,0.016272402059677765,35.937670210843976,18.810157180148085,0.0,3.0,28.0,32.0,44.0,74.0,255.0
validation,3,other,all other non-ignored raw classes,27623043,0.6015420340425267,18.586016464587193,19.68847793373191,0.0,0.0,5.0,17.0,27.0,39.0,255.0
test,1,road,raw 7 Road,17416298,0.4026680137410652,26.405384198180347,9.489598473521905,0.0,3.0,25.0,28.0,31.0,38.0,255.0
test,2,marking,raw 8 Lane Line Marking + raw 9 Stop Line Marking + raw 10 Other Road Marking,725754,0.01677956599299306,35.56399551363134,19.396351363964225,0.0,3.0,27.0,32.0,44.0,73.0,255.0
test,3,other,all other non-ignored raw classes,25110199,0.5805524202659418,19.948251664592544,20.334866975857725,0.0,0.0,4.0,20.0,28.0,45.0,255.0
