run,epoch,train_loss,val_loss,miou,road_iou,lane_iou,other_iou,road_precision,road_recall,road_f1,lane_precision,lane_recall,lane_f1,other_precision,other_recall,other_f1,lane_recall_0to10m,lane_recall_10to20m,lane_recall_20to30m,lane_recall_30plus,peak_gpu_memory_bytes_val,val_wall_clock_seconds,lr,train_ce_loss,train_lovasz_loss,train_total_loss,val_ce_loss,val_lovasz_loss,val_total_loss
F0,1,0.3199822226780113,0.3981765234739416,0.66812991807013,0.8440344905237706,0.26789824801793,0.8924570156686892,0.851623383069082,0.9895525692081047,0.9154215876776092,0.5409136351580193,0.346736244621441,0.4225863525511261,0.9965526401731356,0.8952207980472238,0.9431728258867158,0.5314435892622489,0.331558753878068,0.3334605977450337,0.3162266633769224,476362752,65.04737586993724,0.0014,,,,,,
F0,2,0.2030076940937353,0.1905515786363846,0.7171718357042381,0.8803671548335451,0.3284453568338059,0.9427029954453632,0.9222410682391724,0.9509549475059588,0.9363779329696678,0.3843413696967946,0.6931002055324437,0.4944807931228981,0.992689557223998,0.949293300710626,0.97050655468748,0.8385800401875418,0.7126681739001519,0.6641758956897653,0.5425568797399783,476363264,64.25694666896015,0.0014,,,,,,
F0,3,0.1758996911471356,0.2129731234783927,0.7297949606758724,0.8885279824594048,0.3592656201023926,0.9415912794658198,0.9126831004317908,0.9710751649158016,0.9409741245160548,0.4855621675172488,0.5800506601369037,0.5286172397641152,0.9951327354548332,0.9459477372420948,0.9699170875189296,0.604966941697175,0.5851580867741487,0.6433399140634073,0.4247669216940508,478457344,63.40791546553373,0.0014,,,,,,
F0,4,0.159101338151457,0.1533189090356851,0.7483282657369106,0.9013211261782867,0.3830814587831093,0.9605822122493356,0.9499379422198496,0.946268834078072,0.9480998383371142,0.4280487438599173,0.7847887084218773,0.5539535742459591,0.990772801220372,0.9692531800937944,0.9798948559747254,0.8577833053739804,0.8064971204672627,0.792103180146203,0.6085872695233593,480551936,63.7812141533941,0.0014,,,,,,
F0,5,0.1405656986629012,0.1626674755036624,0.7847916933617806,0.9334798918471244,0.4485400887478435,0.9723550994903736,0.9589435697207368,0.9723406756610464,0.965595655567265,0.6056850712689384,0.6335400813092881,0.61929951712358,0.9914363439130734,0.9805909252265832,0.9859838116793628,0.8127728138274498,0.6202591110271869,0.6612843052673304,0.5132807814240425,480551936,64.65001838374883,0.0014,,,,,,
F0,6,0.130791477629401,0.1363825174229633,0.7741326621092388,0.9257005785354424,0.4268057683043273,0.9698916394879468,0.966020596110358,0.9568569535165984,0.9614169397398922,0.4853870620096419,0.779560147741463,0.5982675116481486,0.989817332397719,0.9796664412831756,0.9847157275514508,0.9209315169366716,0.7993137138742812,0.7777508159328327,0.5847053870188579,482640384,64.59672707412392,0.0014,,,,,,
F0,7,0.1275318718848525,0.1367596372599817,0.7797317669459306,0.928199689687046,0.4380876404083052,0.9729079707424404,0.96439525395817,0.9611363255441762,0.9627630319115924,0.5142923142214033,0.7472563783674085,0.6092641756992255,0.99141501482273,0.9811740942938978,0.986267971106952,0.8878029710711494,0.7667105954344801,0.7565256473787929,0.5224280893100597,476362752,64.54485858976841,0.0014,,,,,,
F0,8,0.1204407662634962,0.1310584442069133,0.7586497690918623,0.9161414695557772,0.3863388568796819,0.9734689808401276,0.9683159814173896,0.944453181819937,0.956235731141676,0.4184599330626996,0.8342466587511798,0.5573512636719115,0.9922795219535148,0.9808984249212254,0.9865561509111848,0.9051346617035252,0.8787439243579752,0.8035221751624332,0.6340641842234199,476363264,65.05282965209335,0.0014,,,,,,
F0,9,0.1158285411054686,0.1330033431424656,0.7517711117881146,0.9046475312902156,0.37947738305964,0.9711884210144884,0.9738802153888808,0.9271427413595958,0.9499369478376968,0.4022647977894503,0.870111151891511,0.5501755776785124,0.9852416016112971,0.9855257402598846,0.9853836504525104,0.9221900330670412,0.8838464398950953,0.8669452071147189,0.7852965419790399,478459904,64.8159443885088,0.0014,,,,,,
F0,10,0.1128641861800008,0.1217650101597731,0.7959490033078233,0.9386202212596404,0.4712523563967735,0.9779744322670556,0.9705841500067576,0.966103058805838,0.968338420250008,0.55214460225634,0.7628431062540009,0.6406139019561702,0.9927004556603308,0.985058242854163,0.9888645842061266,0.8262692366685414,0.7613795542016293,0.7871997742796346,0.6671642803827101,480539648,64.17816354427487,0.0014,,,,,,
F0,11,0.1090600865668263,0.1197731276650706,0.7883479650224352,0.9325415251718782,0.4562899881385161,0.9762123817569114,0.9727930721398822,0.957514635537742,0.9650933892237468,0.5108041835891646,0.8104441070312131,0.6266471538704498,0.9906505381192404,0.9852900550105784,0.9879630254001645,0.8804293486252022,0.8473485398128602,0.7891653790272365,0.6286547182034118,480536576,64.44786753784865,0.0014,,,,,,
F0,12,0.1069425595414439,0.1166260639438405,0.7738450447390582,0.9230721733302344,0.4241393053128545,0.9743236555740858,0.964328785375542,0.9557048124976146,0.9599974313306464,0.4593074699080389,0.8470806524175494,0.5956430016790805,0.995481591174004,0.978651619738905,0.9869948656323788,0.8926487747957993,0.8570071258907364,0.8433607768629935,0.7816154748897253,476362752,63.32231429591775,0.0014,,,,,,
F0,13,0.1044681614533805,0.1182282214182325,0.7986818335955664,0.9365218150542968,0.482769554261302,0.9767541314711002,0.9667089890646492,0.9677325855005906,0.9672205164681176,0.5492490994544084,0.7995432172280974,0.6511727366857246,0.9952701110768396,0.9813092652490468,0.9882403844975904,0.8985806378647365,0.8020403921432778,0.8144854319205652,0.6824197423018126,478458880,63.13784279488027,0.0014,,,,,,
F0,14,0.1038790788754403,0.1170732621750277,0.7914815880637653,0.9332372776535086,0.4637299608473638,0.9774775256904236,0.9741816116590536,0.9569046444628226,0.9654658416128176,0.5107511959125762,0.8343575376540739,0.633627749996874,0.9915389341546764,0.9856993187208783,0.9886105030186308,0.9211142713735988,0.8616369153718405,0.8262969567425218,0.6375313779144711,478459392,63.616998243145645,0.0014,,,,,,
F0,15,0.0980779054723198,0.1154091827959443,0.7879271496062862,0.9284408083994252,0.4582648267965767,0.9770758136228564,0.9837635822349444,0.9428890261410248,0.962892720746784,0.4963188162702929,0.85667017363364,0.6285070014385024,0.984418579707808,0.9924238455590432,0.988405003885442,0.9341957570995624,0.8808814636303738,0.8341929847656203,0.7210089871054574,480548352,64.13378533162177,0.0014,,,,,,
F0,16,0.1051832399802716,0.1104626092154325,0.788537202312249,0.9296451568893692,0.4589106771466386,0.9770557729007392,0.969511687901809,0.9576414465043545,0.9635400100067908,0.4933984605846061,0.8678191448608394,0.6291141525459031,0.9950298208527952,0.9818475805405958,0.9883947497011696,0.9290398327653848,0.891135454641985,0.8567966355406658,0.7282905927696316,482625024,63.86037933174521,0.0014,,,,,,
F0,17,0.09617342195305,0.1170280434242967,0.768943426044041,0.9240094940311092,0.4039902104365916,0.9788305736644216,0.9781641389289024,0.943470411178035,0.9605040899202226,0.4295119203349025,0.8717761819679335,0.5754886429171965,0.9914278561742662,0.987185344796942,0.9893020521224428,0.9216088280519794,0.8685004285301652,0.8861937275778267,0.8269757810755395,476362752,63.82609439920634,0.0014,,,,,,
F0,18,0.0943819630784705,0.114232160257072,0.7939302390406505,0.9345833062026654,0.4699173779545111,0.977290032964775,0.969883259804988,0.9625161096436752,0.966185641327724,0.5186153960920128,0.8334566194438351,0.6393793079831912,0.99461856865045,0.9824850943232424,0.988514599954174,0.9193167107558956,0.8576651407034495,0.8068292344032235,0.7084501565601785,478459392,63.78499426972121,0.0014,,,,,,
F0,19,0.0935778080116443,0.1247767457583298,0.7786386561234727,0.922970296845376,0.4396289874895479,0.9733166840354942,0.9631134682707834,0.9567920123463648,0.9599423333366144,0.4779406425980407,0.8457838012859059,0.6107531750332164,0.9951328053046272,0.97797231345203,0.9864779352547016,0.958794704496846,0.85334252918863,0.8525368151195374,0.7030920512308273,480551424,63.915750917978585,0.0014,,,,,,
F0,20,0.0922879523138017,0.1159101129406028,0.7810791109776435,0.9261248447404355,0.4408378953868294,0.9762745928056652,0.9678649315950504,0.9555058994623342,0.9616457077217548,0.4717268080644809,0.8706732550023559,0.6119187964146033,0.995872549029772,0.9802408690090256,0.9879948832613122,0.9536750564428464,0.8948172211972211,0.8451705865947755,0.7413999834615067,480556544,64.20623199827969,0.0014,,,,,,
F0,21,0.0941346994448645,0.1154700487464045,0.7819334369644911,0.9269380750184836,0.4438389828598847,0.9750232530151052,0.966483858281186,0.957723875392067,0.9620839268637028,0.4775266076921651,0.8628535794076796,0.6148039887117475,0.9957135053217736,0.9791330899632684,0.987353694723966,0.9265835607957904,0.8736087624729686,0.8600042516002551,0.7698766894392859,482651648,63.159804358147085,0.0014,,,,,,
F0,22,0.0886666335045071,0.1146646570233214,0.7717315723196038,0.921274138717892,0.4163548230149625,0.9775657552259568,0.9707080158324134,0.9476181825427646,0.9590241394001986,0.4383016286134149,0.8926469565575734,0.5879244610876212,0.9951580488249592,0.9822376267600272,0.9886556263857432,0.9434465948988772,0.9162970452758116,0.8751044326512362,0.7733419745085331,476363264,64.05392434634268,0.0014,,,,,,
F0,23,0.0834299853984828,0.1114804216919259,0.792299698043642,0.9311823081505666,0.467424703817101,0.9782920821632584,0.9694870716338522,0.9592967560470284,0.9643649946672628,0.5066242919079245,0.8579767767129767,0.6370680588942308,0.9954163800603536,0.9827190025275736,0.989026939938513,0.9426072918068076,0.8689692197566213,0.8540602264968333,0.752050333681756,476362752,63.895365530624986,0.0007,,,,,,
F0,24,0.0826133132554944,0.1116937056416645,0.7926254355400463,0.9316307256835276,0.4692618888221654,0.9769836921144456,0.9664656544097934,0.9627523163490318,0.9646054116827742,0.5101708998559955,0.8540594106004074,0.6387722874896721,0.9963739313201218,0.9804697547421812,0.9883578665937616,0.924765902486277,0.8643667010246772,0.8479579316389132,0.7787701687280353,478456832,64.22277413122356,0.0007,,,,,,
F0,25,0.0821840798251475,0.1067246577081581,0.7878732564819798,0.9332647884025338,0.4499823523598424,0.9803726286835628,0.9730682930498924,0.9580102520669942,0.9654805632431708,0.4845237642802307,0.8632394602705148,0.620672867676627,0.9953132080869114,0.984919449038986,0.990089051407722,0.9352224052718286,0.8859428218562152,0.8517580169378628,0.7385411843932825,480558592,64.0164260296151,0.0007,,,,,,
D0,1,0.3972474411483211,0.3052212383391128,0.6506819631066246,0.8448060957288195,0.2019788826548681,0.9052609109361862,0.8920255836762632,0.941035204723338,0.9158752214498356,0.2300276452339713,0.6235544918324375,0.3360772565467169,0.9947666673158018,0.909592805764216,0.950275005108218,0.7920968650272199,0.5922429460466653,0.6473065680367476,0.612139156180607,478324736,65.32890117168427,0.0014,,,,,,
D0,2,0.2722220557517019,0.2616537454227606,0.7092401839171215,0.8774421711553069,0.3145647309921019,0.9357136496039556,0.915262932040796,0.9550240650854656,0.9347208501398072,0.3837084993255502,0.6357881739393197,0.4785838590918227,0.9911866643425368,0.9435641849442248,0.9667893283651756,0.7827361018084393,0.5882287535673252,0.6867090446363203,0.6491874322860238,480421888,63.12424190994352,0.0014,,,,,,
D0,3,0.2363226344985566,0.2303866599479483,0.7137456668398158,0.8900420322186638,0.3036299024328916,0.947565065867892,0.9363851367621407,0.947323328178341,0.9418224748937146,0.3505973920119545,0.6938620051609026,0.4658222427488723,0.9907886392613016,0.9559868426952832,0.9730766714544956,0.7909677066826949,0.6520989652414995,0.7501451631633956,0.7005727664200009,482515968,65.75848505180329,0.0014,,,,,,
D0,4,0.2139654250478307,0.2021050818161004,0.7251943228490051,0.8931910087617693,0.3255921753543543,0.9567997844308916,0.9428017404942142,0.94436467275605,0.9435825594227344,0.3642351365529712,0.7542344669465032,0.491240339838786,0.9943541633376196,0.9620260940396442,0.977923027223926,0.8307977092612946,0.731487335647282,0.8021255296363552,0.7225899342416298,482516480,64.7656766641885,0.0014,,,,,,
D0,5,0.1950221101665098,0.2561215592496511,0.7607300139414898,0.9296669876010006,0.3845618635549145,0.9679611906685536,0.9564150944968364,0.9707956829007552,0.9635517356875972,0.5387891761616914,0.5732799958302929,0.5554997196983854,0.9897845418210058,0.9777289193892332,0.9837197961609384,0.7095649626483082,0.5107932223997936,0.6189754471051834,0.680297318138977,484611072,65.3349008737132,0.0014,,,,,,
D0,6,0.1819902274059131,0.1919988288544118,0.7533989947293257,0.9185064264759284,0.3727775178573988,0.9689130398546496,0.962952080421536,0.952153581898222,0.957522386998846,0.4245284138975052,0.7535736678767697,0.5430996836824977,0.9910792885326548,0.9774374605062632,0.9842111055612464,0.8573576337751595,0.7432806846456012,0.7572099343613885,0.7220289405455714,478325248,64.69811018928885,0.0014,,,,,,
D0,7,0.1762435693494526,0.2010557111042241,0.7717407611103201,0.925169555780232,0.4214942580879303,0.968558469462798,0.9537706358925316,0.968604763824019,0.9611304656282909,0.5276690945452849,0.6768718810654982,0.5930298426317776,0.9932693831910236,0.9749572799292812,0.98402814494721,0.7611135932089802,0.6498585370798735,0.7136551692346698,0.6691326017477595,478324736,64.95285763498396,0.0014,,,,,,
D0,8,0.1649939760766473,0.2148151971037603,0.7443486328120005,0.9107951773849632,0.3656727925723083,0.9565779284787296,0.946094586055476,0.9606471622703172,0.9533153402987344,0.4176750581313591,0.7460016642818725,0.5355203597247429,0.9948701144455964,0.9613195778292656,0.9778071341349376,0.7974600394131816,0.7206533539345835,0.7950975753309252,0.7356483749795851,480421888,65.50966798793525,0.0014,,,,,,
D0,9,0.1616917679845034,0.1709347226191312,0.7406047684674131,0.9067281797619804,0.3448725229128441,0.9702136027274147,0.9628460650431798,0.9396034767522856,0.9510827913343878,0.3737973533497548,0.8167427057408385,0.5128702044798843,0.9927944698832518,0.9770939486099822,0.984881640634624,0.8859626020542534,0.8062737307707363,0.8282440014324938,0.7934018919025003,482518528,65.05558781791478,0.0014,,,,,,
D0,10,0.153717536358805,0.1935946923965174,0.7751195570538579,0.9326626872963402,0.4186077831954459,0.974088200669788,0.9678809538563924,0.9624508599833034,0.965158269393683,0.4894255368501966,0.7431301625006749,0.5901670470924986,0.9923274293650748,0.9814802652695044,0.9868740417366254,0.7726622015440462,0.7286631942083385,0.7634521108381044,0.7500848205197801,482517504,63.96775733027607,0.0014,,,,,,
D0,11,0.1530139551413695,0.2132651642663404,0.7759079696123496,0.926838423363536,0.4301238097141981,0.9707616757593148,0.9597449024608607,0.9643265037133348,0.9620302482297652,0.540384474513128,0.6782522578374147,0.6015196821317951,0.9903685367407652,0.980013774095592,0.9851639472188234,0.6850463167181297,0.6864166787588293,0.6549779756001938,0.6791837616065645,478321152,65.62644256558269,0.0014,,,,,,
D0,12,0.1472677547564923,0.1654917698146568,0.7499745421109045,0.9160514350023498,0.3654614831002574,0.968410708230106,0.9622112194072164,0.950237122116527,0.9561866850419142,0.3984906436302636,0.8151306139507891,0.5352937268805024,0.993997259149296,0.9741075070250992,0.983951879738402,0.8509795492231161,0.7976534945656086,0.8345882297750569,0.8316336854032617,480420864,64.5163033157587,0.0014,,,,,,
D0,13,0.1463236125579489,0.1980489746900275,0.7711321597999424,0.9241130286135733,0.4204793706932314,0.9688040800930228,0.9586462431920584,0.9624814614906506,0.9605600241472784,0.490653163385843,0.7461915924834359,0.5920246071409349,0.993160122604392,0.9753114927041976,0.9841548886339654,0.8451707758425695,0.7219142966016558,0.7806697940796443,0.7274950862633763,480420352,66.2397219222039,0.0014,,,,,,
D0,14,0.1410432111343433,0.1684380195155325,0.7707598549176331,0.9267332207077736,0.4098103704555132,0.9757359735896124,0.9705835568767534,0.9535150040487372,0.9619735734533542,0.4583168996596403,0.7947504673512709,0.5813694934349255,0.99216769623184,0.983310006987554,0.9877189934613058,0.8273938988344208,0.790407707222913,0.8149127882946186,0.7522558176349533,482516992,65.05089100077748,0.0014,,,,,,
D0,15,0.1385895397040415,0.1673166711193819,0.7596763580578503,0.919147912228368,0.3871621670891983,0.9727189948559848,0.9660295922715254,0.9498487472989076,0.9578708408786728,0.4222002218590837,0.8234840984466808,0.5582075063388069,0.9938257490493372,0.9786329943503156,0.9861708610221972,0.8636210573577281,0.8348496746184326,0.8181328610236833,0.7474710198410975,484605952,66.01088579557836,0.0014,,,,,,
D0,16,0.1378661029739305,0.1701240228877092,0.7707790702812941,0.9257705630174892,0.4126835380123014,0.9738831098140917,0.968755880950717,0.9542627151587034,0.9614546829160164,0.4555672085799281,0.8142669615539813,0.5842547561543225,0.9928556406207756,0.9807560890534917,0.9867687756908926,0.9131754531657168,0.8074275298198421,0.8286406728918668,0.747130891630601,478314496,64.810726583004,0.0014,,,,,,
D0,17,0.1341897789220293,0.179166959081259,0.7500947944574204,0.9137396118950968,0.3615148066147833,0.975029964862381,0.9707841272543856,0.9395771479386666,0.954925744563816,0.391740674955595,0.8241106459345882,0.5310479252350394,0.991628574319974,0.9831223383811264,0.9873571360526884,0.8951970331956463,0.8030797350215686,0.8489295220460595,0.8228750076128221,480416768,64.37493287678808,0.0014,,,,,,
D0,18,0.1320247862102656,0.1842126468558692,0.7808293932909053,0.9302216804214942,0.4402936634062269,0.9719728360449944,0.9629721005883776,0.9647286650704516,0.9638495825187972,0.5147877273726487,0.7526361971421429,0.6113942935289365,0.9931442439975796,0.9785384454666384,0.985787246435292,0.8330050092868801,0.7302208504119196,0.7825598629058403,0.7428115342897489,482513408,64.94770275242627,0.0014,,,,,,
D0,19,0.1303245116514956,0.1624034369726562,0.7570960774001038,0.9172039369449464,0.3808533014368917,0.9732309938184732,0.9650367496659196,0.948730506967346,0.9568141596939402,0.415632075496278,0.8198678117499525,0.5516202206861256,0.9944459468076164,0.9785499668764756,0.986433921692196,0.9369196198933318,0.7962864270071521,0.8390747033923568,0.8050209762269428,482508288,64.75946725253016,0.0014,,,,,,
D0,20,0.1214140079865344,0.161448842450045,0.7637503130135298,0.917970781124232,0.3986183411986617,0.974661816717696,0.9681125887382384,0.9465917932985504,0.9572312468557596,0.4307379525639654,0.8424116130755449,0.5700173227487246,0.9933571664958816,0.9810561572117654,0.9871683429193858,0.9086880173927586,0.8499633647895903,0.8275890118062657,0.7842553543372199,484606976,65.14688396267593,0.0007,,,,,,
D0,21,0.1204723708989933,0.1642648720285958,0.7740897109821931,0.92433936056025,0.4266746807318012,0.9712550916545284,0.9624458587721826,0.9589251491515984,0.960682278297461,0.4727601157150704,0.8140218055129655,0.5981387158464772,0.99445403184079,0.9765446335990198,0.9854179662149432,0.878042603483693,0.8058229099135449,0.8148191888891513,0.802724253897079,478325248,65.35755329113454,0.0007,,,,,,
D0,22,0.1173324407202769,0.1589076766252724,0.7642278840465364,0.9210296481340624,0.3952793971278259,0.9763746068777208,0.9707935442419936,0.947278062206515,0.9588916537843948,0.424407879038238,0.8520557047965157,0.5665953327218994,0.9939769865362204,0.982185562066802,0.9880460955933842,0.938600818268868,0.8565734187169981,0.8416153818999094,0.7850723698422986,478325248,64.75916665513068,0.0007,,,,,,
D0,23,0.1161595233398939,0.1805225254243446,0.7801003256077269,0.9295422489464552,0.4351593053004091,0.975599422576316,0.96832757384301,0.958690090878934,0.9634847326654729,0.4955377697351217,0.7812503951904375,0.6064264833781935,0.9925271324232732,0.9828186349101862,0.987649025837503,0.880721108569891,0.7506531853972799,0.8075954135568478,0.7994291227788052,480421376,64.97278039995581,0.0007,,,,,,
D0,24,0.1156686942687194,0.1578465213016089,0.7759104855278968,0.9286199687925418,0.4233444991842392,0.9757669886069092,0.9703393812493548,0.9557492658188336,0.9629890634948952,0.4636168136369746,0.8297455661682228,0.5948587983118219,0.993593393694812,0.9819450561323068,0.987734883955027,0.8955117855989667,0.8253105046896352,0.8300671925211802,0.8081276818826088,482515456,66.76903557777405,0.0007,,,,,,
D0,25,0.1160282363629386,0.1674374968977645,0.7717927167775783,0.9269793166021713,0.4103373566875092,0.9780614770430548,0.9723398743241036,0.9520855802224026,0.9621061405440584,0.4512005561224185,0.8191954975597338,0.5818995784828075,0.992780626830238,0.9850676102524968,0.9889090793124689,0.8818451400329489,0.8188699452919211,0.8271124750214102,0.7665937118565597,482519552,65.0002131704241,0.0007,,,,,,
G2,1,0.4848884931026861,0.4024936959250934,0.7041307513109242,0.8743114021411496,0.3166935133535036,0.9213873384381196,0.8879967182672605,0.982678371169658,0.9329414537438828,0.544307853935888,0.4309543427368201,0.4810436295792372,0.993921363565912,0.926608808685674,0.9590854691351384,0.6045616669795382,0.4313054173627301,0.4096999343792877,0.3519203881898182,476362752,65.645183974877,0.0014,0.3185535185841908,0.33266994766891,0.4848884931026861,0.2609381122307645,0.283111166421117,0.4024936959250934
G2,2,0.3353025903716555,0.3472428386410077,0.7292668599565798,0.8812247763069023,0.3740109779943139,0.9325648255685234,0.901825299430446,0.9747329362466634,0.9368628219290894,0.5222506981385365,0.5685277468798925,0.5444075542107666,0.994685935385728,0.9372343006128974,0.9651058668049396,0.7055704398303193,0.562812720062266,0.5827706825022371,0.4622968580715059,476363264,64.09577522333711,0.0014,0.2015593508113946,0.2674864789262285,0.3353025903716555,0.2138796107688297,0.2667264545491586,0.3472428386410077
G2,3,0.2952161500696093,0.3265994513355609,0.740446108003165,0.9014971159578214,0.3681664677015087,0.951674740350165,0.9283778736740402,0.968881195060062,0.9481971951387574,0.5023117901296613,0.5795867587792014,0.5381895791087774,0.9925527163894676,0.9585191127328268,0.9752390812614788,0.6107862958308289,0.5499877897539276,0.6674021600278713,0.5268614908650027,476362752,64.15844252984971,0.0014,0.1712751260207934,0.2478820478740341,0.2952161500696093,0.1981139065697789,0.2569710881966683,0.3265994513355609
G2,4,0.2721638027522391,0.2665701481306718,0.7702847199051615,0.9168219058214232,0.4287945303540514,0.9652377235400096,0.9525134699226908,0.9607343499535628,0.9566062481204104,0.5073690833849037,0.7346634327779155,0.6002186056070601,0.9918881719677948,0.9729178163248432,0.9823114140118516,0.7972464857985769,0.7528246947351217,0.7483237882385808,0.5722052692654833,476363264,62.96911893412471,0.0014,0.1545017120344082,0.2353241817961479,0.2721638027522391,0.1479745707190078,0.2371911558736529,0.2665701481306718
G2,5,0.2511866776914946,0.3025612683630445,0.7796589929357479,0.9350686523472996,0.4313144259447113,0.9725939005152328,0.9567283736138832,0.976360891871228,0.9664449384914914,0.6591331738757779,0.5551391639737309,0.602682985829659,0.9909629673549716,0.9812975356341306,0.9861065678659916,0.6473121429617694,0.5474583999226259,0.576421759507543,0.48436295090395,478457856,64.26178967766464,0.0014,0.1393761824146073,0.2236209908122967,0.2511866776914946,0.1909202244701899,0.223282089526765,0.3025612683630445
G2,6,0.2365008830967969,0.241369033876496,0.7946262490173831,0.9365618322013726,0.4747526066617326,0.972564308189044,0.9655878539891434,0.9689015378684588,0.9672418578411646,0.5879648075453459,0.7114510171715203,0.6438403356836753,0.9902215979196326,0.9819954286091892,0.9860913574796736,0.882026264113893,0.7333555107955633,0.6914863930309023,0.5182041793161521,476363264,65.43173084501177,0.0014,0.1288496996480811,0.2153023668400268,0.2365008830967969,0.1360250530363474,0.2106879618458657,0.241369033876496
G2,7,0.2341021415777504,0.253378721486984,0.7967400569265832,0.9375875359699816,0.4785996618577885,0.9740329729519795,0.9634992461076954,0.97211625655988,0.967788570647068,0.6451482037514115,0.6496047831901464,0.6473688236293135,0.9899553726961744,0.9837554973451492,0.986845697410419,0.8142801295655088,0.6599498659097403,0.6655526488654305,0.4366940080012516,476362752,64.92600395716727,0.0014,0.1274846473584305,0.2132349886955565,0.2341021415777504,0.1452409182985623,0.216275605543827,0.253378721486984
G2,8,0.2211573901923437,0.2471420797079594,0.781921639551587,0.9254227206241836,0.4505310657931108,0.9698111322374666,0.9606981232478252,0.9618366744836898,0.9612670617329996,0.511920579896992,0.789780395977309,0.6211946457648223,0.9929937029954086,0.9764930073122704,0.9846742323319888,0.8860849573023867,0.8210439067898537,0.7678157205340965,0.615119222603299,478459904,63.85446345247328,0.0014,0.1175363528441862,0.2072420745076419,0.2211573901923437,0.1357319009386831,0.2228203588113602,0.2471420797079594
G2,9,0.2174295821965768,0.2314738249509698,0.7881061703161766,0.931607747318554,0.4538928701750773,0.9788178934548984,0.9730402724825338,0.9562913181955586,0.9645930946506154,0.5107300085867328,0.8030958574555352,0.6243828269416022,0.9912958514699574,0.9873033559417258,0.9892955755983596,0.897462909314371,0.8265990135828082,0.8095977080100275,0.634847117007497,478459904,63.89053629152477,0.0014,0.1148544646831678,0.2051502352134838,0.2174295821965768,0.1187808821236507,0.2253858864798935,0.2314738249509698
G2,10,0.2106066227163958,0.2405294713667697,0.7963316556637938,0.9347254799984088,0.4810463558730148,0.9732231311199578,0.961514205288336,0.9710561301481478,0.966261611439756,0.5832101037991512,0.7330551720769288,0.6496033752967281,0.9936924291624324,0.97927272522416,0.986429882937342,0.785878623651516,0.7462158817369545,0.7496149821892524,0.588790120105856,478458880,64.01390371099114,0.0014,0.1098335414615074,0.2015461625178055,0.2106066227163958,0.1358982097900783,0.2092625216968978,0.2405294713667697
G2,11,0.207910454147977,0.2233777660954122,0.8054893768522852,0.9403051672594112,0.4981530746674599,0.9780098886299844,0.979783579560962,0.958909781769172,0.9692343071863768,0.585338718311322,0.7698214220041295,0.6650229313557072,0.9858968691012958,0.9918866895462448,0.9888827090822856,0.8488163505366858,0.7993418743008,0.7572934203546966,0.5990930684517383,476359168,64.22383088059723,0.0014,0.1084995279068544,0.1988218522185042,0.207910454147977,0.1231381670727084,0.2004791983196304,0.2233777660954122
G2,12,0.2045910695587798,0.2293708722469293,0.788667122032968,0.9306432452812896,0.459243385564022,0.976114735253592,0.9684783732076204,0.9597131336071758,0.9640758307428232,0.5075420980864209,0.828353063631209,0.6294267153885599,0.993438596262586,0.9824485655720938,0.987913017235134,0.9053921267579684,0.8498044578804674,0.8159055191987428,0.7086115495123629,476362752,64.6076640067622,0.0014,0.1063739136491645,0.1964343114463002,0.2045910695587798,0.1169999402145751,0.2247418648278754,0.2293708722469293
G2,13,0.2013194180595496,0.2191586118708882,0.8128243691631561,0.9436587773807308,0.5158418076005116,0.9789725225082264,0.9702420420826814,0.9717847866544445,0.9710128015910312,0.6174853211140604,0.7580885475162122,0.6806011089205393,0.9932366613162404,0.985542353378622,0.9893745480280228,0.8688079619995476,0.7631075276267018,0.7744886912591523,0.6164883162262502,476362240,64.117411788553,0.0014,0.1037744777265069,0.1950898809248083,0.2013194180595496,0.1218324910926943,0.1946522410131163,0.2191586118708882
G2,14,0.1994877477923151,0.2150793264594136,0.8101370882518165,0.9426372586894524,0.5085704547635514,0.9792035513024456,0.9742717589435282,0.9667012046540656,0.9704717177363076,0.5945416388622934,0.7786173494976923,0.6742415684433686,0.991237423000841,0.9877537423925704,0.9894925164802434,0.8949026825051587,0.8033066977366988,0.765396379267587,0.5811981275017526,478458880,63.13583245966584,0.0014,0.102875278374694,0.1932249388838154,0.1994877477923151,0.1182889395962572,0.1935807744558486,0.2150793264594136
G2,15,0.1927955044541861,0.2246662570370568,0.7975100559752448,0.9360533825638742,0.4788247623325099,0.9776520230293504,0.972288441584458,0.9617106784279886,0.9669706331385128,0.5322249439204436,0.8267592781679673,0.6475747154480599,0.9927490753274364,0.9846833093315008,0.9886997425682515,0.9064429228869684,0.845301598476438,0.8176302342001651,0.6924846958711414,478459392,64.43728452268988,0.0014,0.0980999739202349,0.1893910610687051,0.1927955044541861,0.1147455282483456,0.2198414579732343,0.2246662570370568
G2,16,0.1964434865689515,0.2232079116317133,0.792989259510675,0.93303671111541,0.467874386631518,0.9780566807850968,0.9719377851085318,0.9588676919640948,0.9653585012123488,0.5098600090040151,0.8503378775264199,0.6374855926264881,0.9938059982983666,0.9840553269744567,0.9889066276876384,0.9363706652157728,0.8741505326867943,0.8326086439993348,0.7018926425941476,476352512,65.85910475999117,0.0014,0.1008318505994574,0.1912232725005918,0.1964434865689515,0.1140910166393344,0.2182337901839572,0.2232079116317133
G2,17,0.1903572688083935,0.2135045696101669,0.8032135961601238,0.940630280685584,0.4882209649909027,0.9807895428038848,0.978310765197882,0.960663824969438,0.9694069911691566,0.5501107873381827,0.8127192301518592,0.6561135429158358,0.9907475836790234,0.9898560500462336,0.9903016162085942,0.891247324147496,0.822081851629125,0.8189908575396366,0.7087029781359752,478454784,64.45914747938514,0.0014,0.0967020642704828,0.1873104090874629,0.1903572688083935,0.1117446235458677,0.2035198916111969,0.2135045696101669
G2,18,0.1855223111262352,0.2091555114473319,0.8174073701842198,0.9480722526190024,0.523048107081327,0.98110175085233,0.9780162702238052,0.9687162268424684,0.9733440341798486,0.6299487751362556,0.7550364501762566,0.6868438424885519,0.9899570572572616,0.9909649310367056,0.9904607377488112,0.8636517138515225,0.7777802884115672,0.7339169098235376,0.6103800421586886,478455296,65.73832447268069,0.0014,0.092615447720866,0.1858137266612049,0.1855223111262352,0.1128719002681059,0.1925672224127791,0.2091555114473319
G2,19,0.1868834213048605,0.2196383756766509,0.8051662714629128,0.936985867227561,0.5015767909345465,0.9769361562266304,0.9662174012358934,0.9687217279592536,0.9674679439645928,0.5761077455123108,0.7949591665767252,0.6680667868106523,0.994562278556465,0.9821823372948886,0.9883335414243262,0.9213255001759753,0.806416796169986,0.8011685446849103,0.6230050387338794,478450176,64.21489843167365,0.0014,0.0937150427240653,0.1863367572886435,0.1868834213048605,0.1179685206100758,0.2033397102495655,0.2196383756766509
G2,20,0.1831140521721079,0.2107396640349179,0.805702277469706,0.9398087317778436,0.4976652473971029,0.9796328532341712,0.9710148434557644,0.9669347741856724,0.968970513826386,0.5633342618726009,0.8102166238727219,0.6645880957203624,0.994605414372547,0.9848658163906824,0.9897116544956532,0.9002146221813419,0.8407780789025326,0.7795040438784048,0.6549656826263127,480548864,63.44217215292156,0.0014,0.0913906254847774,0.1834468533182597,0.1831140521721079,0.1124782270260362,0.196522873328326,0.2107396640349179
G2,21,0.1855393372423914,0.2119558270270418,0.8099479612755066,0.942161549758896,0.5083473089792512,0.9793350250883724,0.9736890009146136,0.9667747305740808,0.9702195472625416,0.5779713412994056,0.8084274107306213,0.6740454349645332,0.992743548478396,0.9863960842667994,0.9895596376309742,0.908827419309452,0.8282141837090903,0.795545267732716,0.6637196218194125,476363264,65.07298749312758,0.0014,0.0938240525250499,0.1834305691998451,0.1855393372423914,0.1118694426284896,0.2001727693817681,0.2119558270270418
G2,22,0.1770604397017701,0.2238706163958543,0.7929533348275367,0.9335000123037538,0.4678680393907126,0.9774919527881436,0.9702930912149688,0.9609648055474062,0.965606419822562,0.5137604992357029,0.8396851602401477,0.6374797009476638,0.9942909425764146,0.9830091905121504,0.9886178817667896,0.916838348373618,0.8679519155151106,0.8151041973100502,0.6914884424281702,476363264,64.0922017050907,0.0014,0.0880157753403683,0.1780893286882803,0.1770604397017701,0.1184223214655907,0.2108965893534736,0.2238706163958543
G2,23,0.1783368050638618,0.2359176145763033,0.8061872392448884,0.9382234296517034,0.5040781037464076,0.9762601843365544,0.9696481367988464,0.96661106549567,0.9681272192858602,0.6128998448832432,0.739518284987316,0.670281819130048,0.9898713851526808,0.9861107817828209,0.9879875049593152,0.7935961253867887,0.7365023264137437,0.7701127775292539,0.6604285599421083,478459392,64.45938191376626,0.0014,0.088374011613557,0.1799255870822576,0.1783368050638618,0.129916682275426,0.2120018651398519,0.2359176145763033
G2,24,0.1770292927719781,0.2127236009032155,0.8073845251338891,0.9400020402696913,0.5032511969762651,0.9789003381557112,0.972403561867121,0.9657656700734264,0.969073249159074,0.570381792888215,0.8104597379574697,0.6695503692111292,0.9928423412979592,0.9858576809031708,0.989337683440919,0.8884727155311591,0.81798805087473,0.8034706397896582,0.7438207483059239,478455808,64.0095994360745,0.0014,0.0873754090545217,0.1793077676703527,0.1770292927719781,0.1112186585966911,0.2030098839145567,0.2127236009032155
G2,25,0.1754532034653399,0.2215822651413166,0.7959742759555758,0.9336453598748288,0.4785933731954676,0.9756840947964308,0.9635257109248891,0.9678523269397704,0.9656841727536498,0.5509099758911528,0.7847582213410902,0.6473630707016544,0.9948476095021748,0.980639404187462,0.9876924123306896,0.8883690280065898,0.8164481238120049,0.7605266914073651,0.6232164653394503,478459904,63.81012488622218,0.0014,0.0865841119120636,0.1777381831898498,0.1754532034653399,0.118532888780141,0.2060987536821307,0.2215822651413166
G2,26,0.1742530658847154,0.2068557844549003,0.812201589923113,0.9441065127500936,0.5116265423819742,0.980871714637271,0.9739672984339977,0.9685473867174414,0.971249781386288,0.5806597078197601,0.8114435678788797,0.6769218825382214,0.9938625055440844,0.986849328633449,0.9903435011861778,0.9023335407591786,0.8301997538578055,0.7986121746916272,0.6902401271753681,476427776,64.60015107039362,0.0014,0.0860555638165759,0.1763950038329971,0.1742530658847154,0.1094820517167035,0.1947474645373101,0.2068557844549003
G2,27,0.1667729115468883,0.2102999186945251,0.8232388764440427,0.9468479392566423,0.5426594966220241,0.9802091934534616,0.9738560086895572,0.9715435431372498,0.9726984015178646,0.635132739661364,0.7884556423696963,0.7035376216336666,0.9927599553959944,0.9872666830015776,0.99000569908878,0.916113778378248,0.804526590510418,0.7547995997881232,0.6487834604793933,476427264,64.27403545286506,0.0007,0.0806766535578986,0.172192515946467,0.1667729115468883,0.116948023226319,0.1867037913580942,0.2102999186945251
G2,28,0.1666520961789125,0.2051972263647864,0.820792703232977,0.9475915131471808,0.533205909484807,0.9815806870669432,0.9771892299184486,0.9690262410881524,0.9730906165389216,0.6212013271184026,0.7900991021777626,0.6955437703262919,0.9916492909943048,0.989761981398256,0.9907047373577704,0.8628859857482185,0.8142706193398002,0.7703277018720803,0.6595379933999057,476427776,63.92721327301115,0.0007,0.0811628199303884,0.1709785530416913,0.1666520961789125,0.1105652057940864,0.1892640406033024,0.2051972263647864
G2,29,0.1636375195300608,0.2115021413166282,0.80941592614264,0.9419339852246446,0.5053241960991038,0.9809895971041716,0.9776991865300182,0.9626158126239852,0.9700988729703712,0.5707006980678733,0.8151981316477547,0.6713825465751506,0.9912407804084342,0.989567797929847,0.9904035826722069,0.905172179490664,0.8383010365831938,0.7955067329771645,0.6671823926781434,478513664,64.42988414783031,0.0007,0.0786657875903544,0.1699434639207601,0.1636375195300608,0.1122134908257673,0.1985773008446105,0.2115021413166282
G2,30,0.1629642596341878,0.2071067430725735,0.8219709813101649,0.9479118844986714,0.5356223238182217,0.9823787356136012,0.9780276787306996,0.9685376109307796,0.97325951142049,0.6279126579670183,0.7846774621714893,0.6975964278592054,0.9912866699121904,0.9909354933884076,0.991111050542547,0.878922972454312,0.8023779844663917,0.7789263713699032,0.6542509791122716,478513152,65.34004223719239,0.0007,0.0781225287349461,0.1696834615596313,0.1629642596341878,0.1136832430182645,0.1868469991721212,0.2071067430725735
G2,31,0.1611113970310443,0.2064851058336595,0.8122369909614707,0.94245833532892,0.5138462743442089,0.9804063632112832,0.9734720730091768,0.967301319146664,0.970376886018852,0.5796713111825652,0.8190063423225873,0.6788618937769025,0.9934533125914105,0.986781673678754,0.9901062543765284,0.855462239796085,0.8568498649019071,0.7977920904750173,0.6734035290953849,476427776,63.94786591455341,0.0007,0.0773598566846038,0.1675030810148294,0.1611113970310443,0.1089114611256971,0.1951472895271662,0.2064851058336595
G2,32,0.1634139085887,0.2078376085161128,0.8175848034949743,0.9450996916542316,0.5253487030969778,0.982306015733714,0.9768908531915104,0.9667125825520916,0.971775067066574,0.5918782251399829,0.8237497733183952,0.6888244006506065,0.9932442929434958,0.9889132503837516,0.991074039968679,0.9035057696068844,0.8426134761770511,0.8186495778469023,0.6790374788786874,478522880,63.469767979346216,0.0007,0.0789248020372128,0.1689782134728939,0.1634139085887,0.1129642929920616,0.1897466316081894,0.2078376085161128
G2,33,0.1634856916044774,0.2208808342874464,0.8134960678466312,0.9399206237438767,0.5231649516846044,0.9774026281114124,0.9741089834065668,0.9640036700573748,0.9690299821957792,0.6187491328665826,0.7720343537485272,0.6869445769560144,0.9885464100047512,0.988597981089532,0.9885721948745612,0.8892104416966295,0.7945916701900826,0.7506125141349416,0.6229518449030644,478523904,62.552618108689785,0.0007,0.0787553768079117,0.1694606294704938,0.1634856916044774,0.1240737425137518,0.1936141839354402,0.2208808342874464
G2,34,0.1586394216676628,0.2118819155678566,0.8163995839866548,0.9434411582174328,0.5260102751150947,0.9797473186274368,0.9708848041271346,0.9709103552305708,0.9708975795107456,0.603998459864138,0.802909624584787,0.6893928352814294,0.9943407967062988,0.9852411670181848,0.9897700675323534,0.862952568060623,0.8249277359114119,0.789801873029319,0.681671687064226,478523904,65.27259580418468,0.0007,0.0759092779646442,0.1654602872619228,0.1586394216676628,0.1162445400932079,0.1912747501408578,0.2118819155678566
G2,35,0.1602616889044995,0.2056281423817078,0.8201178887236164,0.9464402666384196,0.5329562427159997,0.9809571568164298,0.972742157201226,0.9722244568056896,0.972483238104152,0.6199921290830381,0.7915131144287606,0.695331318487917,0.9942177887953456,0.9865857166250898,0.990387049453319,0.8052222603131071,0.8206414441427582,0.782368892770143,0.6548400944408671,480606208,64.03479919582605,0.0007,0.0764846467297596,0.167554084479042,0.1602616889044995,0.1119592946837656,0.1873376941114353,0.2056281423817078
G2,36,0.1559341194923035,0.2025005255851687,0.8233055778238141,0.9493840962173036,0.5383889175794805,0.9821437196746584,0.9782156468119728,0.9698897869400984,0.9740349252459204,0.6242997802160858,0.7964327549650058,0.6999386324578938,0.9918105350865516,0.99017367686752,0.99099143006226,0.8836176602134049,0.8231383789717631,0.7677033722999952,0.6636963696369637,476426240,64.2390111409768,0.00035,0.0737811273369327,0.1643059842392866,0.1559341194923035,0.1107368462835438,0.1835273583846477,0.2025005255851687
G2,37,0.1552853689071369,0.2061687499724535,0.8255002210439207,0.9477287479268056,0.548627998827202,0.9801439163777546,0.9731986821535632,0.9731272633081248,0.973162971420516,0.6448840080524341,0.78612505344217,0.7085342628993997,0.9932214697905196,0.9867445254391608,0.989972403794484,0.8642617406676744,0.8141387976361001,0.7546047038821195,0.6413430522391186,476427776,63.29288398497738,0.00035,0.0733559317036796,0.1638588743007356,0.1552853689071369,0.116059839228789,0.1802178209945042,0.2061687499724535
G2,38,0.1547309383147813,0.2057549464568082,0.8242969525467991,0.9483972658309924,0.5424888825394821,0.9820047092699224,0.976180834807109,0.9708642649767916,0.9735152912221938,0.6239381885295703,0.8060402171042401,0.703394220445017,0.9933491806182811,0.9885039887447428,0.9909206619712292,0.8749232658072437,0.836822174641674,0.7686476934523809,0.6678492424558621,476427776,63.5461308779777,0.00035,0.073184369886314,0.1630931372190263,0.1547309383147813,0.1115051536316362,0.1884995862557035,0.2057549464568082
G2,39,0.1544662807716843,0.2079066331653545,0.8128011822076383,0.9440323016193072,0.5134380353719661,0.9809332096316418,0.97573028650285,0.9667324135614156,0.9712105100650468,0.5749398715953238,0.8275800122671362,0.6785055263207728,0.993422898346346,0.9873454375333608,0.9903748444038132,0.894037748199869,0.8449308363290811,0.8189600581654431,0.7027136038720954,478522368,63.31901566998568,0.00035,0.0729588544863308,0.1630148526714665,0.1544662807716843,0.1112071024486795,0.1933990611410182,0.2079066331653545
G2,40,0.1546205754622672,0.2040812244677605,0.8252425557384782,0.9484078825097416,0.5455774489248953,0.9817423357807976,0.9744968028910052,0.97254691870622,0.9735208844342168,0.6254759654465616,0.8102822362238844,0.7059852604661117,0.9943830372067456,0.9872170063035964,0.990787064549434,0.9026449511400652,0.823649779872264,0.7998524427639315,0.6873886789174161,478492672,64.33339896000689,0.00035,0.0729943941488805,0.1632523628941271,0.1546205754622672,0.1105596035046296,0.1870432410014069,0.2040812244677605
G2,41,0.1547264838508924,0.2047604845396967,0.8212170439562545,0.9472421128528892,0.5342787829004615,0.9821302361154128,0.9745040424518016,0.9713138971244342,0.9729063546854912,0.6112456148035472,0.8092720049979307,0.6964559359811257,0.994313959214494,0.9876773953130098,0.9909845662212348,0.8976455467745905,0.8368247902066634,0.7801627266936676,0.6678199957546168,476427776,63.89207035501022,0.00035,0.0725656127270134,0.1643217422622095,0.1547264838508924,0.1114043435883811,0.1867122824226195,0.2047604845396967
G2,42,0.1526733412732498,0.2181089274611117,0.8231898484890453,0.947130060121634,0.5423463583716239,0.9800931269738778,0.9709620227448624,0.974739807972659,0.9728472478746164,0.6447798406691557,0.7734411495887072,0.7032744045173116,0.9941766617445568,0.9857521771163166,0.9899464965789032,0.865062038853732,0.7972504279402407,0.7525957667223884,0.6351315922153877,478524416,63.04589023502194,0.00035,0.0718039304955364,0.161738821706566,0.1526733412732498,0.1241811067642023,0.1878556412567074,0.2181089274611117
G2,43,0.1523444019472788,0.2019534696022876,0.8233668809767828,0.9482924976611148,0.5400247169938867,0.981783428275347,0.9783069370634464,0.9686610371401162,0.9734600926703976,0.6155099895886221,0.8149307762528413,0.7013195451148467,0.991910111865206,0.9897083159505444,0.990807990689222,0.8923922376781728,0.8455939775884928,0.7913957912674051,0.6670192287352188,478523392,63.02109985699644,0.00035,0.0719663135143366,0.1607561766580429,0.1523444019472788,0.1100480004588866,0.1838109384316744,0.2019534696022876
G2,44,0.1515733647838652,0.2131280566617432,0.8187817888043388,0.9447466501686104,0.5312039686436517,0.9803947476007544,0.9729283800529884,0.9702521203404784,0.9715884072474946,0.6098660897387301,0.8046270317957767,0.6938382861091914,0.9936814186771704,0.986544962197321,0.9901003310461224,0.8975976704683329,0.8302131586400973,0.7903283845430591,0.6410546139359699,478520832,63.96093819200178,0.00035,0.0710183345027276,0.1611100604715516,0.1515733647838652,0.1190179431435859,0.1882202277373936,0.2131280566617432
G2,45,0.1507265576081157,0.2109518165907098,0.8236055758069535,0.9472287022710664,0.5421133571796358,0.9814746679701584,0.9759296080993436,0.9698877145505368,0.9728992810821931,0.6245592805803603,0.8041794074731967,0.7030784794849383,0.9926427700166216,0.9886666789308226,0.9906507348646456,0.9000788390223962,0.8273487478827594,0.7885341412258214,0.6583993967678168,480620032,64.00769266899442,0.000175,0.0703230088522481,0.1608070977078349,0.1507265576081157,0.1176727836356601,0.1865580660782547,0.2109518165907098
G2,46,0.1504804398276409,0.2081010668952432,0.8220139699923266,0.947089933058143,0.5380914015740489,0.980860575344788,0.976253931497888,0.969422215336094,0.97282607955414,0.6157224813515,0.8101679200576903,0.6996871590639906,0.9923745939562474,0.9883093963851044,0.9903378234220848,0.885952120549277,0.8400437881191215,0.7850963657026231,0.655311638168781,476425216,64.45406662501046,0.000175,0.0701190339025021,0.1607228115897481,0.1504804398276409,0.1164166193520132,0.1833688952688438,0.2081010668952432
G2,47,0.1496180919705536,0.2070159470546059,0.8269423261023582,0.950548420018852,0.5480699155730734,0.982208642715149,0.9788990006446954,0.9704324632951524,0.974647345601054,0.6312993007810218,0.8060940519327426,0.708068686122856,0.9920212504650996,0.990029706613509,0.9910244779981986,0.9020599927719553,0.8244930661507122,0.7833094263489954,0.6645563727772088,476427776,64.23201423999853,0.000175,0.0696036787247004,0.1600288262947037,0.1496180919705536,0.1154196813987154,0.1831925304891127,0.2070159470546059
G2,48,0.1494498949269121,0.2081885659110008,0.8224613393743353,0.9486774511254084,0.5367522188562469,0.9819543481413504,0.9760463477346198,0.9712910276430348,0.973662881537962,0.6179245189867668,0.8033829461106133,0.6985540183644355,0.9934730415992398,0.9883303463435492,0.990895021433984,0.9051172707889126,0.8232530039605289,0.7899559471365639,0.6504120727369143,478520320,63.356246699986514,0.000175,0.0701114028290813,0.158676984333955,0.1494498949269121,0.1156959887684529,0.1849851540108728,0.2081885659110008
G2,49,0.1493517332686239,0.2075993614995645,0.8235081709499185,0.9478350414478962,0.5408801106463366,0.9818093607555224,0.9776966804151744,0.9687821584930392,0.97321900600303,0.6187223730389801,0.8112900614266776,0.7020404857058727,0.992144862077922,0.9895010575899392,0.9908211962236656,0.8727248642204265,0.8377430538557054,0.790699292589586,0.6720815450643777,478521344,65.12476408598013,0.000175,0.0695804873880817,0.1595424920675778,0.1493517332686239,0.1144511076660516,0.1862965078998564,0.2075993614995645
G2,50,0.1498517126396924,0.2056726136607014,0.8243245439061823,0.9493865904691602,0.5409679220595222,0.9826191191898646,0.9781473513891188,0.9699595376069858,0.9740362379743986,0.6182689285340089,0.8122689651892953,0.7021144493864765,0.992877507614416,0.9895946760229276,0.9912333737519702,0.9110144520836256,0.8348471297204831,0.794778288071659,0.6555800309698807,478521344,64.89399174999562,0.000175,0.0694722513318993,0.1607589226121741,0.1498517126396924,0.1151395158816336,0.1810661947872076,0.2056726136607014
G2,51,0.1480611721856583,0.209768501868368,0.8228269244339312,0.9480416394243316,0.5382921932943844,0.9821469405830776,0.9759347267929726,0.9707349631909944,0.9733279004287492,0.6210799792157959,0.8015206340445616,0.6998568875807469,0.9932565492874303,0.9887398828245813,0.9909930696602792,0.9036148062463852,0.8315223529943299,0.7775157875077332,0.6256906975232399,476427776,64.16615665098652,0.000175,0.0688952762702809,0.1583317919865106,0.1480611721856583,0.117894393679065,0.1837482164083566,0.209768501868368
G2,52,0.148423610467279,0.2141473913901589,0.8250829935736567,0.9485195453302242,0.5455235085773479,0.9812059268133976,0.976096484254848,0.971075877625846,0.9735797083518344,0.6398071695774625,0.7873205795817487,0.7059400980312508,0.99206492862371,0.98896755703871,0.9905138214396364,0.8757062146892656,0.8050076872391829,0.7757457178339621,0.6531910832078394,476421120,63.2207666989998,0.000175,0.0689951127495391,0.1588569953192651,0.148423610467279,0.1229325305127228,0.1824297205674358,0.2141473913901589
G2,53,0.1481496175199121,0.2064965011138055,0.8219813414175711,0.948930151314498,0.534423680141374,0.982590192796841,0.9765356473047804,0.97107159701995,0.9737959574122976,0.6177436058755881,0.7984796998476531,0.6965790310172154,0.993323373857216,0.9891228377965698,0.9912186556422944,0.8988993431563997,0.8201993535236691,0.7784351145038167,0.662106615285806,476427776,64.16227128100581,8.75e-05,0.0687667061252607,0.1587658227071093,0.1481496175199121,0.1132659713530706,0.1864610586988015,0.2064965011138055
G2,54,0.1476522619161626,0.2101807402110555,0.8239141964073186,0.9474995426431322,0.5427007329772919,0.9815423136015315,0.9759525461997453,0.9701490024271088,0.973042120828632,0.626384036147484,0.8024577846324198,0.703572276043354,0.9927736682204978,0.9886054840922964,0.9906851918973556,0.8829200069928324,0.8274185164341837,0.777005990848625,0.6561369151517732,478510080,63.83282485901145,8.75e-05,0.0684442927709636,0.1584159382060973,0.1476522619161626,0.1192589433960771,0.1818435939002989,0.2101807402110555
G2,55,0.1474938207645178,0.207510332025898,0.8220401414167364,0.9478088477740986,0.5359095044912535,0.9824020719848574,0.977915352091516,0.9685401997555269,0.9732051980944928,0.6096278325022519,0.8158991784816884,0.6978399481534107,0.992560511265035,0.9896895008820312,0.9911229269461352,0.8956936327283913,0.846263423690027,0.7893106302471325,0.6749888542131074,478509568,63.34111513698008,8.75e-05,0.0684242923850402,0.158139057006438,0.1474938207645178,0.1140837997780181,0.1868530643832248,0.207510332025898
G2,56,0.1483882790832812,0.2089066273933794,0.8224653687813598,0.9469380658924712,0.5391682713488736,0.9812897691027342,0.9765441560846414,0.9689771887476702,0.972745956824669,0.616322627373758,0.8115686099189318,0.700596915081111,0.9925105579499722,0.988610200712663,0.9905565398918206,0.8788154019761649,0.8395829277262206,0.789438997317547,0.6676460918878935,476426752,62.7777139969985,8.75e-05,0.0686181212855695,0.1595403155727424,0.1483882790832812,0.1157501767971553,0.1863129007216129,0.2089066273933794
G2,57,0.148069149519092,0.2071029017679393,0.8267123757881784,0.9515579561965428,0.5452908997263912,0.9832882714416012,0.978696424647996,0.9716843018098964,0.9751777580319122,0.6310576176670945,0.8004853039806481,0.7057453063665103,0.9929558657852692,0.9901954304391074,0.99157372692662,0.8960961772254491,0.8239133272418744,0.7771392893894021,0.6462572877342685,478525440,63.726814410998486,8.75e-05,0.0688757148376617,0.1583868693496132,0.148069149519092,0.1149928595120501,0.1842200845661055,0.2071029017679393
G2,58,0.1473126536259299,0.2064578096278839,0.8216856181439164,0.9482041880761188,0.5344760056457304,0.9823766607099002,0.9763503691433628,0.9704943672669688,0.9734135609394052,0.6155785940128911,0.8022440726979982,0.6966234775640104,0.9932153961616812,0.9890135000760724,0.9911099945639044,0.884048234859427,0.8333624281083836,0.7882853780659452,0.6433346201515736,478525440,64.31379724800354,8.75e-05,0.0682114216533152,0.1582024635937755,0.1473126536259299,0.1133094797893944,0.1862966614969385,0.2064578096278839
G2,59,0.1468867374118417,0.2104870298334087,0.8259915671304677,0.9484286527538835,0.5472196876873745,0.9823263609501452,0.974910673583684,0.9721568745985892,0.9735318266987986,0.6411518913107224,0.7888134803424199,0.707358744258616,0.993448987743157,0.9887310316308768,0.9910843948816864,0.8843271152564957,0.8158008638889134,0.7613817822555631,0.6445943225286893,478525440,64.64832582502277,8.75e-05,0.0681985891566627,0.1573762963513908,0.1468867374118417,0.1187092435869595,0.1835555718668426,0.2104870298334087
G2,60,0.1467496097268504,0.2124524352270075,0.8205699508739078,0.9477684209907796,0.5322331489035176,0.9817082827274264,0.9747852892740236,0.9715877367896312,0.9731838865204256,0.620802345916727,0.7886079736704316,0.6947156172471394,0.9936044104370552,0.9879511630071904,0.9907697225509908,0.8787646688732664,0.8077519580220746,0.774483168732437,0.6486016985502273,480622080,63.722139268997125,8.75e-05,0.067821550438309,0.1578561183051126,0.1467496097268504,0.1197529583975362,0.1853989531829332,0.2124524352270075
G2,61,0.1470471901817102,0.2070742883072752,0.8238619635778531,0.9484349699378892,0.5405307463162934,0.9826201744793772,0.9766939962883048,0.9703966800014956,0.9735351546971288,0.6150956316455528,0.8168132411935964,0.7017461321155801,0.9937654520997616,0.9887152343200544,0.9912339106883208,0.9003155890561019,0.8437706952734737,0.7914716035371447,0.6640156094250387,476427264,65.39044744000421,4.375e-05,0.0683237825230301,0.1574468152659768,0.1470471901817102,0.1148626761187592,0.184423224410663,0.2070742883072752
G2,62,0.1461273899026905,0.2096988910240017,0.8221806234066992,0.9469627695534838,0.5377177514025523,0.9818613492640615,0.976367952452559,0.9691766108748212,0.9727589909391642,0.6156670510600386,0.8094169664610571,0.6993711959325434,0.9928299571439568,0.9888732811017582,0.9908476691658202,0.8846265199768385,0.8339625304307942,0.792521234721359,0.6647070266064365,478522368,64.37330842600204,4.375e-05,0.0678182428379559,0.1566182943394183,0.1461273899026905,0.1167531720078032,0.1858914371450535,0.2096988910240017
G2,63,0.1467377356946035,0.2105791928802823,0.8210626118663803,0.9487938023413596,0.5324516702636681,0.9819423629941132,0.9763550908959492,0.9711073662638514,0.9737241581961522,0.6223380079167665,0.7866206028510473,0.694901745478285,0.9927078408227428,0.9890766509487744,0.9908889192021672,0.8650063317855635,0.8144585687382297,0.7676718547341116,0.6414919852034525,478522880,63.25094769502175,4.375e-05,0.0680120176777187,0.1574514359693396,0.1467377356946035,0.1185761274187825,0.184006130703104,0.2105791928802823
G2,64,0.1462183501591488,0.2096941969616131,0.8254141534669058,0.9483662956797289,0.5462022787005175,0.9816738860204712,0.9775259094984649,0.9695050820174184,0.973498974789924,0.6282337954757053,0.8070637690950718,0.706508179718329,0.9920369798988864,0.9894707534636776,0.990752204937044,0.8826025056947608,0.8351211109914953,0.7815892815892815,0.6547681539807524,478521344,64.44383140400168,4.375e-05,0.0678650140854658,0.1567066719709365,0.1462183501591488,0.118433913098286,0.1825205670359234,0.2096941969616131
G2,65,0.1460808488355692,0.208024912700057,0.824411403121022,0.9487965662384114,0.5414533501188977,0.9829842930057572,0.9766747635704108,0.9707942206539414,0.9737256137204604,0.626774560483822,0.7990978576700162,0.7025231740903913,0.993232956918149,0.989611939323201,0.9914191418185916,0.8792880607464053,0.8281483581038763,0.7735786819970313,0.6458284321064226,480620032,63.73411886300892,4.375e-05,0.0678865266862478,0.1563886440365077,0.1460808488355692,0.1162254701122745,0.1835988856632159,0.208024912700057
G2,66,0.1459278375743326,0.2075257256782303,0.8235990776918084,0.9486622909743,0.5395050563183426,0.9826298857827824,0.9778364588461712,0.9695089461717716,0.9736548968677216,0.6186033917342774,0.8084034494508663,0.7008811748998665,0.9925855575583292,0.9898957954560272,0.9912388518191032,0.8914557799135878,0.834388298490803,0.7867291877753952,0.6702945749464219,478522368,64.25914843499777,4.375e-05,0.0674292118226354,0.156997251376341,0.1459278375743326,0.1162261522116346,0.1825991467391658,0.2075257256782303
G2,67,0.1463491533274746,0.2083546691651766,0.8250915992374144,0.949423799930902,0.5434915512081382,0.9823594465732028,0.9761228003680694,0.97199757690069,0.9740558209708476,0.6338560644687916,0.7921985742114643,0.7042365094680703,0.9931527746634862,0.9890581509509446,0.991101233705476,0.8774195556108795,0.8188915545073802,0.7716452372859504,0.646289318826468,480620032,63.67516421401524,4.375e-05,0.0676256869835297,0.1574469327928642,0.1463491533274746,0.1182992182982464,0.1801109007495041,0.2083546691651766
G2,68,0.1465325933879097,0.2074216640735459,0.827824829372536,0.9501271016626543,0.5504437571438177,0.9829036293111356,0.978113723247293,0.9707656254480334,0.974425821632434,0.6356172360248448,0.8042191605884231,0.710046726438925,0.9926983598417494,0.9900613735758632,0.991378113168917,0.8862733908742897,0.8277453608336278,0.7761338830948339,0.664910545329434,480620032,64.52231831799145,4.375e-05,0.067677044243339,0.1577110984798215,0.1465325933879097,0.1160087424498568,0.1828258424635148,0.2074216640735459
G2,69,0.1460007086323959,0.2047302581188786,0.8240874220111266,0.9492162553058684,0.5402954017184014,0.9827506090091104,0.9761366108565804,0.9717663593056453,0.9739465826042156,0.6233896911306201,0.8021135185431344,0.7015477694936063,0.993679610409233,0.9889323008917372,0.9913002719996592,0.885666717118208,0.8336846750832188,0.7752457873608808,0.647612958226769,480619520,64.65514269299456,2.1875e-05,0.0677850932585364,0.1564312306307015,0.1460007086323959,0.1137124342565786,0.1820356471632193,0.2047302581188786
G2,70,0.1462700021613774,0.2080930736769611,0.8221905767452107,0.9477600678736824,0.536129221390378,0.9826824409715718,0.9761613747350724,0.970215753308562,0.9731794829414764,0.6152873009158608,0.8064744064181879,0.6980261997817057,0.9935600142258312,0.988981740688839,0.9912655911655008,0.898478704917533,0.8345089302222387,0.7887862811855935,0.6582754344873738,476426240,63.41140193401952,2.1875e-05,0.0677635471021419,0.1570129102744274,0.1462700021613774,0.1165516557340096,0.1830828356375504,0.2080930736769611
G2,71,0.1460448460492851,0.206381113651312,0.8227742328438244,0.9489665380596266,0.5372357746724487,0.9821203857993976,0.977309678140912,0.9703454565931768,0.9738151163994936,0.6193282637548386,0.8020998825723562,0.6989634036937786,0.992559800193012,0.9894043272822802,0.9909795518331288,0.8856547601074912,0.8338769012744727,0.7823275862068966,0.6515286611583349,476427264,64.67670991100022,2.1875e-05,0.0677731088284354,0.1565434748194469,0.1460448460492851,0.1154061849073817,0.1819498571049836,0.206381113651312
G2,72,0.1453377090671485,0.2097313871270873,0.8228267113060257,0.9486970197291424,0.5373145539906103,0.9824685601983244,0.9760506305815438,0.9713072989290388,0.973673187903788,0.6231094702783424,0.7960181340766432,0.6990300750042755,0.9932936889044386,0.989029011442571,0.9911567627584864,0.8976494329647842,0.8219929101425147,0.7740699833149249,0.6476055810858581,476427776,63.91857469099341,2.1875e-05,0.0671495053930216,0.1563764075642243,0.1453377090671485,0.1171960618049423,0.1850706505045915,0.2097313871270873
G2,73,0.1451552434888636,0.2085893431600804,0.8250771627455159,0.9493572590002124,0.5436427099136083,0.9822315193227268,0.9764549899928272,0.9715987172656632,0.974020800565946,0.6307789132975694,0.7973833758492663,0.7043633950035418,0.99312634586703,0.9889546790370684,0.991036122418564,0.8913954668019329,0.8206542792642364,0.7754750559733624,0.6512234213056951,478524928,63.886080255004345,2.1875e-05,0.0670072847901008,0.1562959175299981,0.1451552434888636,0.1189206682973437,0.1793373501807865,0.2085893431600804
G2,74,0.1463643428570478,0.2091725427838456,0.8211965303008272,0.947790652712447,0.5337130367748526,0.9820859014151816,0.9763402371623872,0.9700711672955452,0.9731956064093196,0.6145872366688776,0.8022091268377786,0.6959750930945515,0.992998825284158,0.9889335071882762,0.9909619968680328,0.8934913054126867,0.8286473221261225,0.7797509767923552,0.6572447917772728,478525440,64.92542743199738,2.1875e-05,0.0677012412108336,0.1573262033925857,0.1463643428570478,0.1158582073584613,0.1866286709102698,0.2091725427838456
G2,75,0.1458020217584221,0.2085960967129924,0.8244131185036035,0.9483530111222404,0.5427548214086824,0.9821315229798878,0.9766942506170952,0.9703106307635122,0.973491975744164,0.624570390833427,0.8055732876903944,0.7036177283349475,0.9928799062606576,0.9890977537291996,0.9909852213069852,0.9000238669813573,0.8317589333043371,0.7795103349047223,0.661235339474859,476420096,64.06225704500685,2.1875e-05,0.067444005753877,0.1567160320638855,0.1458020217584221,0.1168516982088072,0.1834887955376568,0.2085960967129924
G2,76,0.1463345792443603,0.2078222131020286,0.8235195353636531,0.9479590322468692,0.5411241458197941,0.981475428024296,0.9750421845953404,0.9715328666684748,0.9732843623035008,0.6251019371601673,0.8011115058752136,0.7022460160494668,0.9933638093243472,0.987953210052822,0.990651122030731,0.8896174863387978,0.825872060522491,0.7856992860142797,0.6523455977623759,478521344,63.79576710102265,2.1875e-05,0.0675686892981095,0.1575317800869956,0.1463345792443603,0.1169705429166141,0.1817033399853648,0.2078222131020286
G2,77,0.1451683249234238,0.2102725544659834,0.8257351028108939,0.9478775993345168,0.5468512917733626,0.9824764173248024,0.975983590702577,0.9705146538985824,0.9732414394604204,0.6347359422492401,0.7979620572474837,0.7070508906469397,0.9930017406605496,0.9893265950814304,0.9911607610955372,0.8829470339584101,0.8248390464590221,0.7765557230128507,0.6514702347568304,478521344,63.92882133598323,1.09375e-05,0.067103161022332,0.1561303275956467,0.1451683249234238,0.1186381491534929,0.1832688112329277,0.2102725544659834
G2,78,0.1463129842864622,0.2069799730321392,0.8231065181601336,0.9483719439349764,0.5385233118209156,0.9824242987245086,0.9770077428312064,0.9700212280006024,0.9735019505768728,0.6171939034482213,0.8086078098032671,0.7000521963928484,0.9930353153125724,0.9892404264080424,0.991134238373289,0.8883074547482199,0.8379752734449958,0.7856245523816233,0.6556433765412583,478521344,63.47730627999408,1.09375e-05,0.0676213367498913,0.1573832952848972,0.1463129842864622,0.1144862953573465,0.1849873555733615,0.2069799730321392
G2,79,0.1453456491067331,0.2090688719491784,0.8222088124508767,0.9477484752361048,0.5368723119152949,0.9820056502012308,0.9763868855577464,0.9699809408737398,0.9731733714962548,0.6198241708332827,0.8004613700753589,0.6986557149256324,0.99272003277629,0.9891287569529184,0.9909211410184716,0.8722636516718788,0.8319097479484993,0.7840847429636445,0.6432209753028797,480582656,66.41125887900125,1.09375e-05,0.0675293988427789,0.1556325001890995,0.1453456491067331,0.1174002096108678,0.1833373245162268,0.2090688719491784
G2,80,0.1457379614765723,0.2016233316001792,0.8253304194329963,0.9505467176714616,0.5425468009541107,0.9828977396734164,0.9779824385893766,0.9713331442050296,0.9746464507204547,0.6236744550425224,0.8066087991977939,0.7034429044467622,0.993107373502953,0.9896488937349868,0.9913751173424604,0.8893221171558394,0.8367550109417221,0.7795760676621072,0.6565164697225468,476427264,64.58316411601845,1.09375e-05,0.0677296028914058,0.1560167172252289,0.1457379614765723,0.112878654732938,0.1774893533748885,0.2016233316001792
G2,81,0.1454170436502017,0.2080749763900207,0.8224881248498915,0.9487381404114882,0.5360409109194277,0.9826853232187585,0.9769005561297138,0.9705101034511536,0.97369484461484,0.6164255420187332,0.8043283753502148,0.6979513463590886,0.9931775476089504,0.9893639035127268,0.9912670575716308,0.8881749867307316,0.8308731367747161,0.7839471515093596,0.6610419431629063,476427776,63.97488754300866,1.09375e-05,0.0670224009426952,0.1567892855969619,0.1454170436502017,0.1157895061808327,0.1845709402967865,0.2080749763900207
G2,82,0.1459534122349678,0.2074521857960563,0.8213871451571082,0.9486927828756048,0.533279895867877,0.9821887567278428,0.9768921088919508,0.9704709767320798,0.9736709564610369,0.6127619688031706,0.8043545712298722,0.6956067151275424,0.9930020629299464,0.9890345900505324,0.9910143556148712,0.8861487166221149,0.8317986672256031,0.782907824933687,0.6614136437006202,478525440,64.09966166800587,1.09375e-05,0.0674012950655667,0.1571042338251698,0.1459534122349678,0.1156128445497921,0.1836786820760203,0.2074521857960563
G2,83,0.1457558064982455,0.2068810947912021,0.8238150514148477,0.9483455615498404,0.5406809965587124,0.9824185961359904,0.976118864375932,0.9708713802292496,0.9734880508521956,0.6174287766339478,0.8130746261005524,0.701872740387381,0.9937804014094942,0.9884963565524192,0.9911313362887746,0.9165008357876304,0.8398687322128063,0.7809135188046183,0.6636747624076029,478524416,63.66735148100997,1.09375e-05,0.0672140633263866,0.1570834860236761,0.1457558064982455,0.1151049242160903,0.1835523412420621,0.2068810947912021
G2,84,0.1455685914002343,0.2086108547402546,0.8260445745379871,0.9488097255255056,0.546528192867105,0.9827958052213508,0.9774050499389028,0.9700875321600204,0.9737325436116188,0.6292267784058434,0.8061397923197492,0.706780769193606,0.9929183564232618,0.98973328925994,0.9913232644867692,0.8847667997156761,0.8300994065779328,0.7817269544924154,0.6690633829544975,478513664,63.83612256700872,1.09375e-05,0.0672163708917274,0.1567044409270928,0.1455685914002343,0.1166831999034103,0.1838553096633404,0.2086108547402546
G2,85,0.1455647683180547,0.2089960113581684,0.8215291851919435,0.9493482212912806,0.5331050943723936,0.982134239912156,0.9775909344016128,0.9704672036138988,0.974016043847124,0.6158517792243521,0.7986994522032589,0.6954579908830458,0.9924876407982824,0.9894901014229074,0.990986604374164,0.8835223611290115,0.8238068865420239,0.7824794038692956,0.6571727657347233,476427776,64.76236481801607,5.46875e-06,0.0672788468418353,0.1565718426513646,0.1455647683180547,0.1158283716947254,0.1863352795894671,0.2089960113581684
G2,86,0.1452254957784416,0.2052672044399918,0.825200581204918,0.9486160250756792,0.5446303959999514,0.9823553225391232,0.9767574428016574,0.9705235706344684,0.973630528404217,0.6247978758316179,0.8093299703462863,0.7051918664948615,0.9930767146846968,0.9891294154792812,0.991099134821967,0.8986949723358191,0.8356304899953862,0.7828612162857009,0.6665436707761764,476427776,64.01517989102285,5.46875e-06,0.0669425165260628,0.1565659582653034,0.1452254957784416,0.1138703717759603,0.1827936653810967,0.2052672044399918
G2,87,0.1452683499546577,0.2038253915560845,0.8244248638989461,0.9496912939897122,0.5407186360040143,0.9828646617031116,0.9774732212566852,0.9709418302339974,0.974196578624845,0.6226236283892848,0.8043214979648362,0.7019044533743221,0.9930912654561298,0.9896313552957874,0.991358291552702,0.8910556102362205,0.8330209185462195,0.7798305320183359,0.6587016192522926,476427776,64.2239215009904,5.46875e-06,0.0669548041048732,0.1566270920787215,0.1452683499546577,0.1141942048432408,0.1792623737322477,0.2038253915560845
G2,88,0.1454753007370464,0.2061372384299627,0.8231032001651869,0.9490191880342544,0.537460196594213,0.9828302158670932,0.977287266166131,0.970422602840564,0.9738428373210816,0.6170299846619672,0.8064931624952607,0.6991533150383945,0.9932234589812858,0.9894652036688352,0.9913407693732376,0.888631655903497,0.8361066184197301,0.7829818909268542,0.655513596759562,478519808,64.27462833697791,5.46875e-06,0.0672265116855951,0.156497578357812,0.1454753007370464,0.1142612835017239,0.1837519092213672,0.2061372384299627
G2,89,0.1455128067044605,0.2065591292585142,0.8235754665743954,0.9486815422461328,0.5399838677359857,0.9820609897410671,0.9770090833268104,0.9703438027109592,0.9736650362610222,0.6182917359520598,0.8100132557852768,0.7012850966157788,0.9929812409957416,0.9889256872427402,0.9909493147023312,0.9001984007695545,0.8373258152564287,0.7849262355115849,0.6633636113404899,478520320,63.94051289302297,5.46875e-06,0.0674655009147406,0.1560946118827219,0.1455128067044605,0.1158462365558888,0.1814257856329075,0.2065591292585142
G2,90,0.1461968196869089,0.2048496409396951,0.8231353330925765,0.9486385499308888,0.538573371725344,0.9821940776214966,0.976078545602185,0.971218369694104,0.9736423924945276,0.6203375139376084,0.8033860788679693,0.7000944922391217,0.9933759557175308,0.9886693488528548,0.9910170640808952,0.903114186851211,0.8315107900186471,0.779616693955921,0.6416278818053902,476427776,63.259904073987855,5.46875e-06,0.0675396531152916,0.1573143328600242,0.1461968196869089,0.1147648821908256,0.1801695179659873,0.2048496409396951
G2,91,0.1463697850892866,0.2049079762112038,0.8263298244969143,0.9497857826425178,0.5464042267970498,0.9827994640511752,0.977296078009899,0.9712154776038182,0.9742462901286378,0.6274995195079762,0.808721133291554,0.7066770994654814,0.99341603998893,0.9892429948846608,0.9913251257826744,0.8957109580717034,0.8318321431811407,0.7813789516268855,0.66980417613329,478514688,64.45252250897465,5.46875e-06,0.0675869469779768,0.1575656761848849,0.1463697850892866,0.1149213764467276,0.1799731986131519,0.2049079762112038
G2,92,0.1455505283878602,0.2069359039396254,0.8240360967297397,0.9486187977833558,0.5410725311660677,0.9824169612397956,0.977877997709764,0.969422693432388,0.9736319888348132,0.6181482525092549,0.812713336739908,0.702202550786704,0.9926251923552698,0.9896403108112062,0.9911305042763516,0.8998980194299823,0.8383580591187954,0.7818836190001069,0.6730315991620112,478515712,64.15286021598149,5.46875e-06,0.0672184068033198,0.1566642433671874,0.1455505283878602,0.1152376869848618,0.1833964320274794,0.2069359039396254
G2,93,0.1454994802385295,0.2103018652699473,0.8209674907708416,0.9474294645493766,0.533693151073316,0.981779856689832,0.9757040189399898,0.9703212019024644,0.9730051658313652,0.6140244448201446,0.8031249837403027,0.6959581852469309,0.9932127133281105,0.9884112643444912,0.990806171912252,0.8892621175948032,0.8302480605218125,0.7811494694387093,0.6505468832961665,478515712,63.67030083699501,2.734375e-06,0.067434181654344,0.1561305971786074,0.1454994802385295,0.117976535592849,0.1846506594654379,0.2103018652699473
G2,94,0.1457932654555469,0.2055401672091749,0.824426520524962,0.948638506078305,0.5424288426948841,0.9822122128016968,0.976640064923448,0.9706630197918328,0.9736423693971532,0.6197112421700149,0.8130709169968984,0.7033437493909529,0.9934496757701652,0.9886147089012344,0.9910262952253928,0.9112378063132568,0.8379946884931865,0.784416419727563,0.6560462292575437,480608256,64.30762950700591,2.734375e-06,0.0671674492720771,0.1572516324747241,0.1457932654555469,0.1148690958028762,0.1813421426625508,0.2055401672091749
G2,95,0.1454490377696166,0.2068306981120258,0.8230735845509062,0.9493687292773216,0.5369359537378771,0.9829160706375196,0.9781616859312324,0.9699267993293416,0.9740268375283476,0.6217739070045384,0.797373217484958,0.6987096013103627,0.9924521282428836,0.9903190495826566,0.9913844415225362,0.8747082891347174,0.824283844964916,0.780119527057967,0.6541214594827409,476427776,65.0204777320032,2.734375e-06,0.0670327632335729,0.1568325489899946,0.1454490377696166,0.1156771249137818,0.182307146953988,0.2068306981120258
G2,96,0.1453950043310058,0.209350196735209,0.823441653866682,0.9494301204794636,0.5386137720080967,0.9822810691124856,0.9768392267369632,0.9712948472244308,0.9740591473429688,0.622070467181413,0.8005872896685013,0.7001286246192034,0.9931473646237188,0.9889840656964074,0.9910613428319488,0.8822877798507462,0.8262672072195881,0.7819672508164298,0.6590871196331805,476427776,63.736657904984895,2.734375e-06,0.0675100748026783,0.1557698591321241,0.1453950043310058,0.1169629451023259,0.1847745038853544,0.209350196735209
G2,97,0.1456020823695921,0.2033485008688229,0.824373053510405,0.9494835708240126,0.5406266501752508,0.9830089395319518,0.977768436729514,0.9704337299596764,0.9740872762756164,0.6218641207308423,0.8053883679675621,0.7018269482924406,0.9929302260414992,0.9899376450604548,0.9914316773216068,0.896834401770012,0.8332364876450303,0.7818694200393114,0.6612548828125,478513664,64.19306474900804,2.734375e-06,0.067058571810826,0.1570870210673531,0.1456020823695921,0.1125569169241417,0.1815831680057777,0.2033485008688229
G2,98,0.1451867075516553,0.2046259213601135,0.8241768394724236,0.9501790383579128,0.5392539379627039,0.983097542096654,0.977980906505432,0.9709507217226442,0.9744531344752648,0.6224511272357234,0.8013706198042724,0.7006692328836128,0.9929749495101268,0.9899830427453056,0.9914767390183564,0.8862550698512843,0.8253169897110179,0.7835464650336249,0.66637132670928,478515200,64.37970150099136,2.734375e-06,0.0670803702457462,0.1562126745367503,0.1451867075516553,0.1147061030587388,0.1798396372986543,0.2046259213601135
G2,99,0.1454354619894353,0.2083314869009579,0.8230978170322575,0.9465511577471352,0.5407415062565861,0.982000787093051,0.975879737589764,0.969226566697649,0.9725417736697326,0.6191672453995585,0.8102152352763485,0.7019237218712718,0.9930077091513364,0.9888383922789732,0.990918665106411,0.8806263813271522,0.8421366876762018,0.783654576695148,0.656686585617144,478498304,63.936392738018185,2.734375e-06,0.0670951279691131,0.1566806679541357,0.1454354619894353,0.1175148332737282,0.1816333074407238,0.2083314869009579
G2,100,0.1449015876637563,0.2037799292140537,0.826876286528266,0.9512720155373952,0.5465588721620231,0.9827979718853797,0.9775828293695284,0.9724856536945402,0.9750275799198684,0.6302132673125452,0.804592853077486,0.7068064229562204,0.9934844762986814,0.9891736300688712,0.9913243666987092,0.8832426832426833,0.8318770355071888,0.7737030517125271,0.6535056616721949,476426752,63.74103771301452,2.734375e-06,0.0669903813356509,0.1558224129629048,0.1449015876637563,0.1145043616234842,0.1785511340777803,0.2037799292140537
