split,raw_id,raw_name,n_in_image,n_occluded,occluded_ratio
train,8,lane_line,1959416,426,0.00021741171859370343
train,9,stop_line,150676,83,0.0005508508322493296
train,10,other_road_marking,2544053,814,0.0003199618875864614
val,8,lane_line,283391,44,0.00015526251715827248
val,9,stop_line,1276,1,0.0007836990595611285
val,10,other_road_marking,291010,85,0.00029208618260540876
test,8,lane_line,416199,128,0.0003075451887198191
test,9,stop_line,31505,24,0.000761783843834312
test,10,other_road_marking,217754,117,0.0005373035627359314
