step,seq_id,frame_idx,active_points,true_lane,lane_tp,lane_to_road,lane_to_other,road_to_lane,other_to_lane,predicted_lane,lane_false_positive,lane_recall,lane_precision,lane_f1,lane_iou,lane_to_road_rate,lane_tp_intensity_mean,lane_tp_intensity_median,lane_to_road_intensity_mean,lane_to_road_intensity_median,road_to_lane_intensity_mean,road_to_lane_intensity_median,lane_tp_range_mean,lane_tp_range_median,lane_to_road_range_mean,lane_to_road_range_median
1390,124,68,16376,641,173,468,0,140,0,313,140,0.2698907956318253,0.5527156549520766,0.36268343815513626,0.22151088348271447,0.7301092043681747,55.53468322753906,56.0,30.098291397094727,30.166666984558105,36.996429443359375,33.0,17.239648818969727,14.885734558105469,14.799076080322266,14.276325702667236
2036,124,54,16369,831,393,438,0,165,0,558,165,0.4729241877256318,0.7043010752688172,0.5658747300215983,0.39457831325301207,0.5270758122743683,49.427650451660156,50.75,29.645471572875977,30.0,34.572628021240234,34.0,14.88570785522461,10.521224975585938,16.191232681274414,15.337097644805908
1636,123,8,16373,634,199,435,0,183,0,382,183,0.3138801261829653,0.5209424083769634,0.39173228346456695,0.24357405140758873,0.6861198738170347,47.475711822509766,41.0,28.200767517089844,29.0,40.29235076904297,35.0,20.321916580200195,20.933757781982422,18.3264217376709,16.827363967895508
581,124,65,16369,694,267,427,0,198,0,465,198,0.38472622478386165,0.5741935483870968,0.46074201898188094,0.29932735426008966,0.6152737752161384,55.98308563232422,56.5,30.11924171447754,31.0,34.31635284423828,31.0,16.121562957763672,16.417470932006836,15.229106903076172,14.671703338623047
1334,123,16,16370,585,167,418,0,209,8,384,217,0.28547008547008546,0.4348958333333333,0.3446852425180599,0.2082294264339152,0.7145299145299145,46.31736373901367,41.0,27.71531105041504,30.0,37.08931350708008,36.0,22.99299430847168,20.580503463745117,19.80500602722168,17.474358558654785
1744,123,14,16380,593,179,414,0,121,0,300,121,0.30185497470489037,0.5966666666666667,0.4008958566629339,0.2507002801120448,0.6981450252951096,51.54999542236328,50.5,28.8858699798584,29.0,38.9194221496582,32.0,12.708166122436523,14.066143989562988,14.204099655151367,14.170743465423584
1130,054,78,16378,458,44,414,0,50,442,536,492,0.09606986899563319,0.08208955223880597,0.08853118712273642,0.04631578947368421,0.9039301310043668,56.477272033691406,54.75,28.545894622802734,29.5,28.3799991607666,30.0,14.64654541015625,14.628938674926758,14.735870361328125,13.99397611618042
119,054,63,16381,494,83,411,0,40,122,245,162,0.1680161943319838,0.33877551020408164,0.22462787550744248,0.12652439024390244,0.8319838056680162,52.76506042480469,43.0,29.076642990112305,29.0,31.262500762939453,31.0,15.014472961425781,12.717307090759277,15.349183082580566,13.707069396972656
700,123,15,16381,552,143,409,0,124,0,267,124,0.25905797101449274,0.5355805243445693,0.3492063492063492,0.21153846153846154,0.7409420289855072,59.83683395385742,63.0,29.649755477905273,30.0,44.45026779174805,34.0,14.512049674987793,13.93812084197998,14.987648963928223,14.671677589416504
1054,054,47,16384,595,184,407,4,138,210,532,348,0.3092436974789916,0.3458646616541353,0.32653061224489793,0.1951219512195122,0.6840336134453782,43.205345153808594,40.0,28.845617294311523,29.0,28.812076568603516,29.0,12.328409194946289,10.068690776824951,14.967618942260742,14.349323272705078
624,054,78,16378,488,81,407,0,41,267,389,308,0.16598360655737704,0.20822622107969152,0.1847206385404789,0.10175879396984924,0.8340163934426229,53.86419677734375,44.0,29.325960159301758,30.0,31.024391174316406,32.0,19.01296043395996,15.611513137817383,16.542757034301758,15.787149429321289
356,124,58,16351,628,224,404,0,162,0,386,162,0.35668789808917195,0.5803108808290155,0.4418145956607495,0.28354430379746837,0.643312101910828,64.31681823730469,67.5,30.04207992553711,30.75,38.206275939941406,33.0,12.950934410095215,11.496275901794434,14.773514747619629,14.343072891235352
1222,123,40,16373,597,196,401,0,148,4,348,152,0.32830820770519265,0.5632183908045977,0.4148148148148148,0.2616822429906542,0.6716917922948074,47.4481315612793,43.5,26.937862396240234,29.0,40.6396369934082,36.0,22.370868682861328,22.76614284515381,17.86927604675293,15.672711372375488
374,123,6,16373,698,298,400,0,224,0,522,224,0.4269340974212034,0.5708812260536399,0.4885245901639344,0.3232104121475054,0.5730659025787965,57.88581466674805,57.5,29.641664505004883,29.5,36.7620964050293,32.875,10.968964576721191,9.987939357757568,14.701772689819336,14.40959882736206
2159,123,14,16380,573,175,398,0,105,0,280,105,0.3054101221640489,0.625,0.41031652989449,0.2581120943952802,0.6945898778359512,51.94162368774414,52.0,28.762351989746094,29.0,39.13333511352539,33.0,12.600262641906738,14.060624122619629,13.977286338806152,14.036189079284668
2046,124,42,16370,681,284,397,0,154,0,438,154,0.4170337738619677,0.6484018264840182,0.5075960679177838,0.3401197604790419,0.5829662261380323,53.84342575073242,54.0,29.088790893554688,29.66666603088379,35.51677703857422,34.625,15.775428771972656,11.938812255859375,16.561290740966797,15.764588356018066
654,124,73,16373,637,248,389,0,181,0,429,181,0.3893249607535322,0.578088578088578,0.4652908067542214,0.30317848410757947,0.6106750392464678,48.7174072265625,41.66666603088379,30.257286071777344,31.0,38.23155975341797,32.0,18.221834182739258,15.867090225219727,15.366986274719238,15.00743293762207
2068,054,72,16372,468,79,389,0,53,199,331,252,0.16880341880341881,0.23867069486404835,0.19774718397997496,0.10972222222222222,0.8311965811965812,58.44303894042969,47.0,28.950942993164062,29.5,29.38679313659668,30.0,15.910993576049805,13.248531341552734,15.09988021850586,14.28758430480957
209,054,41,16376,521,127,388,6,98,98,323,196,0.2437619961612284,0.3931888544891641,0.3009478672985782,0.17712691771269176,0.744721689059501,37.135169982910156,34.0,28.03565216064453,29.0,32.07143020629883,33.0,18.719261169433594,20.200082778930664,15.44589900970459,14.305634498596191
531,013,30,16278,589,171,383,35,174,71,416,245,0.2903225806451613,0.4110576923076923,0.3402985074626866,0.20503597122302158,0.6502546689303905,48.03801345825195,42.0,29.94843292236328,30.0,39.215518951416016,35.0,12.4938325881958,12.054962158203125,11.705840110778809,10.987656593322754
436,054,45,16375,539,157,382,0,95,60,312,155,0.2912801484230056,0.5032051282051282,0.3689776733254994,0.22622478386167147,0.7087198515769945,42.84437561035156,37.0,28.975130081176758,29.0,29.676490783691406,29.5,14.873722076416016,11.73827838897705,15.326780319213867,14.561239242553711
851,123,7,16375,714,333,381,0,233,0,566,233,0.46638655462184875,0.588339222614841,0.5203125,0.35163674762407604,0.5336134453781513,53.911476135253906,58.20000457763672,29.791994094848633,30.0,34.934120178222656,33.0,10.777810096740723,8.898755073547363,14.84531307220459,14.618891716003418
939,124,43,16375,713,333,380,0,153,0,486,153,0.4670406732117812,0.6851851851851852,0.5554628857381151,0.384526558891455,0.5329593267882188,48.949798583984375,49.0,28.909210205078125,30.0,32.629085540771484,33.0,15.096420288085938,10.947940826416016,15.933097839355469,15.207047462463379
1210,123,5,16350,507,127,380,0,108,5,240,113,0.2504930966469428,0.5291666666666667,0.34002677376171353,0.20483870967741935,0.7495069033530573,41.22441101074219,34.0,24.56315803527832,28.0,38.657405853271484,32.0,27.09264373779297,25.246700286865234,24.315750122070312,19.946083068847656
991,123,23,16374,552,175,377,0,200,0,375,200,0.3170289855072464,0.4666666666666667,0.3775620280474649,0.2327127659574468,0.6829710144927537,54.4380989074707,48.0,29.7020320892334,30.0,44.8033332824707,36.0,14.513155937194824,13.123515129089355,15.50515079498291,14.9331693649292
2157,054,55,16371,502,126,376,0,57,30,213,87,0.250996015936255,0.5915492957746479,0.35244755244755244,0.21392190152801357,0.749003984063745,46.99934005737305,38.0,29.090646743774414,29.5,28.859649658203125,28.0,14.595026969909668,12.0807466506958,14.949530601501465,14.023641586303711
863,013,25,16213,494,115,375,4,126,10,251,136,0.23279352226720648,0.4581673306772908,0.3087248322147651,0.18253968253968253,0.7591093117408907,53.197105407714844,49.0,32.09422302246094,31.0,38.41798782348633,34.5,15.748167037963867,14.264535903930664,14.759344100952148,13.53779125213623
774,124,53,16378,676,302,374,0,163,0,465,163,0.4467455621301775,0.6494623655913978,0.5293602103418055,0.3599523241954708,0.5532544378698225,59.294612884521484,60.0,30.269609451293945,30.0,32.07280349731445,30.0,11.558964729309082,10.658672332763672,14.56820297241211,14.25044584274292
911,123,21,16382,468,96,372,0,93,0,189,93,0.20512820512820512,0.5079365079365079,0.2922374429223744,0.1711229946524064,0.7948717948717948,57.09548568725586,57.0,29.067426681518555,30.0,43.74910354614258,32.5,14.32512378692627,14.556560039520264,14.20681381225586,14.172742366790771
443,123,14,16367,573,202,371,0,201,17,420,218,0.3525305410122164,0.48095238095238096,0.4068479355488419,0.2553729456384324,0.6474694589877836,48.94059371948242,46.0,27.216981887817383,30.0,38.18656539916992,35.0,21.162235260009766,20.78902530670166,20.628427505493164,18.286802291870117
251,013,25,16332,498,123,371,4,142,10,275,152,0.2469879518072289,0.44727272727272727,0.3182406209573092,0.18923076923076923,0.7449799196787149,57.94580078125,58.0,31.804582595825195,30.666667938232422,34.456573486328125,34.0,11.842034339904785,9.788533210754395,13.47270393371582,12.862709045410156
669,123,0,16372,470,100,370,0,90,0,190,90,0.2127659574468085,0.5263157894736842,0.30303030303030304,0.17857142857142858,0.7872340425531915,55.654998779296875,57.0,29.042795181274414,30.0,40.32777786254883,34.0,18.142715454101562,16.8797550201416,17.617656707763672,16.92867374420166
610,123,0,16362,469,99,370,0,91,0,190,91,0.21108742004264391,0.5210526315789473,0.30045523520485584,0.1767857142857143,0.7889125799573561,57.858585357666016,60.0,29.073875427246094,30.0,41.03296661376953,35.0,17.94218635559082,16.86830711364746,17.588539123535156,16.905414581298828
926,054,66,16383,474,105,369,0,67,122,294,189,0.22151898734177214,0.35714285714285715,0.2734375,0.1583710407239819,0.7784810126582279,58.233333587646484,55.0,28.07655906677246,29.0,28.23134422302246,29.0,12.118617057800293,10.339678764343262,14.797157287597656,13.692580223083496
522,054,50,16381,444,77,367,0,72,257,406,329,0.17342342342342343,0.1896551724137931,0.1811764705882353,0.09961190168175937,0.8265765765765766,42.93506622314453,34.0,29.31562042236328,29.5,30.890045166015625,30.75,16.52400779724121,15.529702186584473,14.226105690002441,13.54098129272461
1129,123,19,16384,717,351,366,0,184,0,535,184,0.4895397489539749,0.6560747663551402,0.560702875399361,0.3895671476137625,0.5104602510460251,54.501094818115234,59.0,28.776639938354492,29.0,37.130435943603516,32.0,10.524840354919434,9.691020965576172,13.415630340576172,13.483067512512207
42,013,29,16328,581,178,365,38,152,48,378,200,0.306368330464716,0.4708994708994709,0.37122002085505734,0.22791293213828426,0.6282271944922547,45.331459045410156,42.75,29.262786865234375,29.0,36.18311309814453,30.0,11.994437217712402,12.243500232696533,11.23206615447998,10.793450355529785
1675,013,30,16285,541,149,365,27,137,53,339,190,0.2754158964879852,0.43952802359882004,0.3386363636363636,0.20383036935704515,0.6746765249537893,47.9731559753418,40.0,30.535846710205078,30.0,39.649635314941406,34.5,12.739684104919434,12.190119743347168,12.168831825256348,11.217650413513184
1258,054,56,16378,512,147,365,0,90,317,554,407,0.287109375,0.26534296028880866,0.275797373358349,0.15995647442872687,0.712890625,47.13786697387695,41.0,29.212923049926758,30.0,28.761110305786133,29.0,12.87514877319336,10.853456497192383,14.4735107421875,13.70732593536377
975,054,40,16326,423,58,365,0,142,275,475,417,0.13711583924349882,0.12210526315789473,0.1291759465478842,0.06904761904761905,0.8628841607565012,42.52011489868164,39.33333396911621,28.360729217529297,29.0,31.47124671936035,30.5,13.562764167785645,13.952889442443848,13.189522743225098,12.432307243347168
632,013,27,16221,580,199,364,17,131,4,334,135,0.3431034482758621,0.5958083832335329,0.43544857768052514,0.2783216783216783,0.6275862068965518,40.87102127075195,39.0,28.96726417541504,29.0,35.79707336425781,32.0,12.433863639831543,12.661508560180664,11.609877586364746,11.277504920959473
1126,054,55,16367,484,120,364,0,81,322,523,403,0.24793388429752067,0.2294455066921606,0.23833167825223436,0.13528748590755355,0.7520661157024794,47.62430953979492,38.5,29.314788818359375,29.5,29.29423713684082,29.5,14.326460838317871,12.030101299285889,14.59568977355957,13.924846172332764
955,013,31,16270,606,206,363,37,188,116,510,304,0.33993399339933994,0.403921568627451,0.36917562724014336,0.22637362637362637,0.599009900990099,48.23948669433594,44.0,28.86547088623047,29.0,39.96418380737305,34.0,10.732680320739746,10.147121906280518,10.729226112365723,10.260648727416992
995,123,13,16350,482,119,363,0,128,17,264,145,0.24688796680497926,0.45075757575757575,0.3190348525469169,0.189792663476874,0.7531120331950207,40.60924530029297,34.0,24.62809944152832,29.0,35.32421875,33.0,26.946006774902344,23.499164581298828,25.207557678222656,21.23117446899414
1509,054,57,16380,524,161,362,1,72,317,550,389,0.30725190839694655,0.2927272727272727,0.29981378026070765,0.17634173055859803,0.6908396946564885,47.8057975769043,43.5,28.856121063232422,29.0,29.46319580078125,29.0,11.065802574157715,9.724637985229492,13.395917892456055,13.031726360321045
1788,124,45,16357,526,166,360,0,148,0,314,148,0.3155893536121673,0.5286624203821656,0.3952380952380952,0.24629080118694363,0.6844106463878327,58.75,63.75,30.051389694213867,30.0,35.724098205566406,33.0,17.564367294311523,14.95488166809082,16.631229400634766,15.995050430297852
1255,054,56,16378,514,154,360,0,106,277,537,383,0.29961089494163423,0.28677839851024206,0.29305423406279735,0.1716833890746934,0.7003891050583657,46.508548736572266,39.0,29.07685089111328,29.75,28.257863998413086,29.5,13.140922546386719,10.91215991973877,14.442543029785156,13.655692100524902
191,124,54,16376,711,355,356,0,148,0,503,148,0.49929676511954996,0.705765407554672,0.5848434925864909,0.41327124563445866,0.5007032348804501,54.829345703125,61.0,29.80678939819336,30.0,31.302589416503906,31.0,10.347726821899414,9.513110160827637,14.12679386138916,14.042847633361816
634,123,16,16381,516,160,356,0,138,0,298,138,0.31007751937984496,0.5369127516778524,0.3931203931203931,0.24464831804281345,0.689922480620155,56.4958381652832,52.75,29.165340423583984,29.0,38.855072021484375,31.0,12.549860000610352,12.732466220855713,13.867178916931152,13.942668914794922
738,054,67,16383,474,118,356,0,97,351,566,448,0.2489451476793249,0.20848056537102475,0.22692307692307692,0.1279826464208243,0.7510548523206751,55.653953552246094,50.333335876464844,27.688669204711914,29.0,28.5579891204834,29.0,11.362398147583008,9.555344581604004,14.370413780212402,13.453618049621582
